Waf: Entering directory `/home/sdvn_echo_topology/ns-allinone-3.35/ns-3.35/build'
Waf: Leaving directory `/home/sdvn_echo_topology/ns-allinone-3.35/ns-3.35/build'
'build' finished successfully (0.191s)
[declare_attackers] scenario=0  pct=0  Random=0  N_Vehicles=200
  TTW  nodes=0  controllers=0
  BSHH nodes=0  controllers=0
  ME   nodes=0  controllers=0
Solution at controller cleared
[SUMO] Trace time offset: 0s -> waypoints shifted to NS-3 t=0
[SUMO] Loaded 304 positions, scheduled 316389 exact position+velocity events
[NetAnim] Writing animation to: /home/sdvn_echo_topology/ns-allinone-3.35/ns-3.35/scratch/SDVN project /SDVN-Temporal-Attacks/outputs/XML/00_Baseline_No_Attack.xml
[Channel] Cost231 ranges (m): Ch172=133 Ch174=133 Ch176=133 Ch178=282 Ch180=67 Ch182=67 Ch184=214  MAX=282m
RSU total packet size is 228
RSU total packet size is 1000
RSU total packet size is 1228
RSU total packet size is 1824
RSU total packet size is 2156
RSU total packet size is 3192
RSU total packet size is 3420
RSU total packet size is 3648
RSU total packet size is 3876
RSU total packet size is 4472
RSU total packet size is 4804
RSU total packet size is 5136
RSU total packet size is 5364
RSU total packet size is 5592
RSU total packet size is 6188
Current neighbor size is 4Received neighborset from 219
This is tag5. Serialized size is 508
RSU total packet size is 6416
This is tag1. Serialized size is 172
RSU total packet size is 6644
RSU total packet size is 6872
RSU total packet size is 7204
RSU total packet size is 7432
RSU total packet size is 8116
RSU total packet size is 8344
RSU total packet size is 8572
RSU total packet size is 8800
RSU total packet size is 9028
RSU total packet size is 9256
RSU total packet size is 9588
RSU total packet size is 9816
RSU total packet size is 10044
RSU total packet size is 10272
RSU total packet size is 10956
RSU total packet size is 11184
RSU total packet size is 11412
RSU total packet size is 12096
RSU total packet size is 12324
RSU total packet size is 12744
Current neighbor size is 2Received neighborset from 240
This is tag3. Serialized size is 340
RSU total packet size is 12972
RSU total packet size is 13200
RSU total packet size is 13428
RSU total packet size is 13656
RSU total packet size is 13884
RSU total packet size is 14112
This is tag1. Serialized size is 172
RSU total packet size is 14340
This is tag1. Serialized size is 172
RSU total packet size is 15024
RSU total packet size is 15356
RSU total packet size is 15584
RSU total packet size is 15812
RSU total packet size is 16040
RSU total packet size is 16268
RSU total packet size is 16496
RSU total packet size is 16724
RSU total packet size is 16952
RSU total packet size is 17180
RSU total packet size is 17408
RSU total packet size is 17636
RSU total packet size is 17864
RSU total packet size is 18092
RSU total packet size is 18320
RSU total packet size is 18548
This is tag1. Serialized size is 172
RSU total packet size is 18776
RSU total packet size is 19004
This is tag1. Serialized size is 172
RSU total packet size is 19232
RSU total packet size is 19460
RSU total packet size is 19792
Current neighbor size is 5Received neighborset from 248
This is tag6. Serialized size is 592
Current neighbor size is 1Received neighborset from 231
This is tag2. Serialized size is 256
This is tag1. Serialized size is 172
This is tag1. Serialized size is 172
This is tag1. Serialized size is 172
This is tag1. Serialized size is 172
This is tag1. Serialized size is 172
This is tag1. Serialized size is 172
Current neighbor size is 1Received neighborset from 209
This is tag2. Serialized size is 256
This is tag1. Serialized size is 172
This is tag1. Serialized size is 172
This is tag1. Serialized size is 172
This is tag1. Serialized size is 172
This is tag1. Serialized size is 172
This is tag1. Serialized size is 172
This is tag1. Serialized size is 172
This is tag1. Serialized size is 172
This is tag1. Serialized size is 172
Current neighbor size is 4Received neighborset from 214
This is tag5. Serialized size is 508
This is tag1. Serialized size is 172
This is tag1. Serialized size is 172
Current neighbor size is 4Received neighborset from 208
This is tag5. Serialized size is 508
This is tag1. Serialized size is 172
Current neighbor size is 1Received neighborset from 216
This is tag2. Serialized size is 256
This is tag1. Serialized size is 172
This is tag1. Serialized size is 172
Current neighbor size is 6Received neighborset from 206
This is tag7. Serialized size is 676
This is tag1. Serialized size is 172
Current neighbor size is 9Received neighborset from 210
This is tag10. Serialized size is 928
Current neighbor size is 1Received neighborset from 215
This is tag2. Serialized size is 256
Current neighbor size is 5Received neighborset from 235
This is tag6. Serialized size is 592
This is tag1. Serialized size is 172
This is tag1. Serialized size is 172
This is tag1. Serialized size is 172
This is tag1. Serialized size is 172
Current neighbor size is 1Received neighborset from 249
This is tag2. Serialized size is 256
This is tag1. Serialized size is 172
Current neighbor size is 5Received neighborset from 238
This is tag6. Serialized size is 592
This is tag1. Serialized size is 172
Current neighbor size is 1Received neighborset from 223
This is tag2. Serialized size is 256
This is tag1. Serialized size is 172
Current neighbor size is 5Received neighborset from 225
This is tag6. Serialized size is 592
This is tag1. Serialized size is 172
This is tag1. Serialized size is 172
This is tag1. Serialized size is 172
This is tag1. Serialized size is 172
This is tag1. Serialized size is 172
This is tag1. Serialized size is 172
This is tag1. Serialized size is 172
This is tag1. Serialized size is 172
This is tag1. Serialized size is 172
This is tag1. Serialized size is 172
This is tag1. Serialized size is 172
This is tag1. Serialized size is 172
This is tag1. Serialized size is 172
Current neighbor size is 1Received neighborset from 268
This is tag2. Serialized size is 256
This is tag1. Serialized size is 172
average_latency 0 ms
[PDR] Channel-wise: Ch172(133.305m)=100.0% Ch174(133.3m)=100.0% Ch176(133.3m)=100.0% Ch178(282.2m)=100.0% Ch180(67.4m)=100.0% Ch182(67.4m)=100.0% Ch184(214.8m)=100.0% | Avg=100.00%
average packet delivery ratio is 100.00
average jitter is 0.00
average load balance is 100.00
written to file successfully
RSU total packet size is 20020
This is tag1. Serialized size is 172
RSU total packet size is 20752
This is tag7. Serialized size is 676
RSU total packet size is 20980
This is tag1. Serialized size is 172
RSU total packet size is 21544
This is tag5. Serialized size is 508
RSU total packet size is 21856
This is tag2. Serialized size is 256
RSU total packet size is 22840
This is tag10. Serialized size is 928
RSU total packet size is 23068
This is tag1. Serialized size is 172
RSU total packet size is 23296
This is tag1. Serialized size is 172
RSU total packet size is 23524
This is tag1. Serialized size is 172
RSU total packet size is 24088
This is tag5. Serialized size is 508
RSU total packet size is 24400
This is tag2. Serialized size is 256
RSU total packet size is 24712
This is tag2. Serialized size is 256
RSU total packet size is 24940
This is tag1. Serialized size is 172
RSU total packet size is 25168
This is tag1. Serialized size is 172
RSU total packet size is 25732
This is tag5. Serialized size is 508
RSU total packet size is 25960
This is tag1. Serialized size is 172
RSU total packet size is 26188
This is tag1. Serialized size is 172
RSU total packet size is 26416
This is tag1. Serialized size is 172
RSU total packet size is 26728
This is tag2. Serialized size is 256
RSU total packet size is 26956
This is tag1. Serialized size is 172
RSU total packet size is 27604
This is tag6. Serialized size is 592
RSU total packet size is 27832
This is tag1. Serialized size is 172
RSU total packet size is 28060
This is tag1. Serialized size is 172
RSU total packet size is 28288
This is tag1. Serialized size is 172
RSU total packet size is 28516
This is tag1. Serialized size is 172
RSU total packet size is 28744
This is tag1. Serialized size is 172
RSU total packet size is 29056
This is tag2. Serialized size is 256
RSU total packet size is 29284
This is tag1. Serialized size is 172
RSU total packet size is 29512
This is tag1. Serialized size is 172
RSU total packet size is 29740
This is tag1. Serialized size is 172
RSU total packet size is 30388
This is tag6. Serialized size is 592
RSU total packet size is 30616
This is tag1. Serialized size is 172
RSU total packet size is 30844
This is tag1. Serialized size is 172
RSU total packet size is 31492
This is tag6. Serialized size is 592
RSU total packet size is 31720
This is tag1. Serialized size is 172
RSU total packet size is 32116
This is tag3. Serialized size is 340
RSU total packet size is 32344
This is tag1. Serialized size is 172
RSU total packet size is 32572
This is tag1. Serialized size is 172
RSU total packet size is 32800
This is tag1. Serialized size is 172
RSU total packet size is 33028
This is tag1. Serialized size is 172
RSU total packet size is 33256
This is tag1. Serialized size is 172
RSU total packet size is 33484
This is tag1. Serialized size is 172
RSU total packet size is 33712
This is tag1. Serialized size is 172
RSU total packet size is 34360
This is tag6. Serialized size is 592
RSU total packet size is 34672
This is tag2. Serialized size is 256
RSU total packet size is 34900
This is tag1. Serialized size is 172
RSU total packet size is 35128
This is tag1. Serialized size is 172
RSU total packet size is 35356
This is tag1. Serialized size is 172
RSU total packet size is 35584
This is tag1. Serialized size is 172
RSU total packet size is 35812
This is tag1. Serialized size is 172
RSU total packet size is 36040
This is tag1. Serialized size is 172
RSU total packet size is 36268
This is tag1. Serialized size is 172
RSU total packet size is 36496
This is tag1. Serialized size is 172
RSU total packet size is 36724
This is tag1. Serialized size is 172
RSU total packet size is 36952
This is tag1. Serialized size is 172
RSU total packet size is 37180
This is tag1. Serialized size is 172
RSU total packet size is 37408
This is tag1. Serialized size is 172
RSU total packet size is 37636
This is tag1. Serialized size is 172
RSU total packet size is 37864
This is tag1. Serialized size is 172
RSU total packet size is 38092
This is tag1. Serialized size is 172
RSU total packet size is 38320
This is tag1. Serialized size is 172
RSU total packet size is 38548
This is tag1. Serialized size is 172
RSU total packet size is 38776
This is tag1. Serialized size is 172
RSU total packet size is 39088
This is tag2. Serialized size is 256
average_latency 0.00 ms
[PDR] Channel-wise: Ch172(133.30m)=100.0% Ch174(133.3m)=100.0% Ch176(133.3m)=100.0% Ch178(282.2m)=100.0% Ch180(67.4m)=100.0% Ch182(67.4m)=100.0% Ch184(214.8m)=100.0% | Avg=100.00%
average packet delivery ratio is 100.00
average jitter is 0.00
average load balance is 100.00
written to file successfully
RSU total packet size is 39316
This is tag1. Serialized size is 172
RSU total packet size is 40048
This is tag7. Serialized size is 676
RSU total packet size is 40276
This is tag1. Serialized size is 172
RSU total packet size is 40840
This is tag5. Serialized size is 508
RSU total packet size is 41152
This is tag2. Serialized size is 256
RSU total packet size is 42136
This is tag10. Serialized size is 928
RSU total packet size is 42364
This is tag1. Serialized size is 172
RSU total packet size is 42592
This is tag1. Serialized size is 172
RSU total packet size is 42820
This is tag1. Serialized size is 172
RSU total packet size is 43384
This is tag5. Serialized size is 508
RSU total packet size is 43696
This is tag2. Serialized size is 256
RSU total packet size is 44008
This is tag2. Serialized size is 256
RSU total packet size is 44236
This is tag1. Serialized size is 172
RSU total packet size is 44464
This is tag1. Serialized size is 172
RSU total packet size is 45028
This is tag5. Serialized size is 508
RSU total packet size is 45256
This is tag1. Serialized size is 172
RSU total packet size is 45484
This is tag1. Serialized size is 172
RSU total packet size is 45712
This is tag1. Serialized size is 172
RSU total packet size is 46024
This is tag2. Serialized size is 256
RSU total packet size is 46252
This is tag1. Serialized size is 172
RSU total packet size is 46900
This is tag6. Serialized size is 592
RSU total packet size is 47128
This is tag1. Serialized size is 172
RSU total packet size is 47356
This is tag1. Serialized size is 172
RSU total packet size is 47584
This is tag1. Serialized size is 172
RSU total packet size is 47812
This is tag1. Serialized size is 172
RSU total packet size is 48040
This is tag1. Serialized size is 172
RSU total packet size is 48352
This is tag2. Serialized size is 256
RSU total packet size is 48580
This is tag1. Serialized size is 172
RSU total packet size is 48808
This is tag1. Serialized size is 172
RSU total packet size is 49036
This is tag1. Serialized size is 172
RSU total packet size is 49684
This is tag6. Serialized size is 592
RSU total packet size is 49912
This is tag1. Serialized size is 172
RSU total packet size is 50140
This is tag1. Serialized size is 172
RSU total packet size is 50788
This is tag6. Serialized size is 592
RSU total packet size is 51016
This is tag1. Serialized size is 172
RSU total packet size is 51412
This is tag3. Serialized size is 340
RSU total packet size is 51640
This is tag1. Serialized size is 172
RSU total packet size is 51868
This is tag1. Serialized size is 172
RSU total packet size is 52096
This is tag1. Serialized size is 172
RSU total packet size is 52324
This is tag1. Serialized size is 172
RSU total packet size is 52552
This is tag1. Serialized size is 172
RSU total packet size is 52780
This is tag1. Serialized size is 172
RSU total packet size is 53008
This is tag1. Serialized size is 172
RSU total packet size is 53656
This is tag6. Serialized size is 592
RSU total packet size is 53968
This is tag2. Serialized size is 256
RSU total packet size is 54196
This is tag1. Serialized size is 172
RSU total packet size is 54424
This is tag1. Serialized size is 172
RSU total packet size is 54652
This is tag1. Serialized size is 172
RSU total packet size is 54880
This is tag1. Serialized size is 172
RSU total packet size is 55108
This is tag1. Serialized size is 172
RSU total packet size is 55336
This is tag1. Serialized size is 172
RSU total packet size is 55564
This is tag1. Serialized size is 172
RSU total packet size is 55792
This is tag1. Serialized size is 172
RSU total packet size is 56020
This is tag1. Serialized size is 172
RSU total packet size is 56248
This is tag1. Serialized size is 172
RSU total packet size is 56476
This is tag1. Serialized size is 172
RSU total packet size is 56704
This is tag1. Serialized size is 172
RSU total packet size is 56932
This is tag1. Serialized size is 172
RSU total packet size is 57160
This is tag1. Serialized size is 172
RSU total packet size is 57388
This is tag1. Serialized size is 172
RSU total packet size is 57616
This is tag1. Serialized size is 172
RSU total packet size is 57844
This is tag1. Serialized size is 172
RSU total packet size is 58072
This is tag1. Serialized size is 172
RSU total packet size is 58384
This is tag2. Serialized size is 256
average_latency 0.00 ms
[PDR] Channel-wise: Ch172(133.30m)=100.0% Ch174(133.3m)=100.0% Ch176(133.3m)=100.0% Ch178(282.2m)=100.0% Ch180(67.4m)=100.0% Ch182(67.4m)=100.0% Ch184(214.8m)=100.0% | Avg=100.00%
average packet delivery ratio is 100.00
average jitter is 0.00
average load balance is 100.00
written to file successfully
RSU total packet size is 58612
This is tag1. Serialized size is 172
RSU total packet size is 59344
This is tag7. Serialized size is 676
RSU total packet size is 59572
This is tag1. Serialized size is 172
RSU total packet size is 60136
This is tag5. Serialized size is 508
RSU total packet size is 60448
This is tag2. Serialized size is 256
RSU total packet size is 61432
This is tag10. Serialized size is 928
RSU total packet size is 61660
This is tag1. Serialized size is 172
RSU total packet size is 61888
This is tag1. Serialized size is 172
RSU total packet size is 62116
This is tag1. Serialized size is 172
RSU total packet size is 62680
This is tag5. Serialized size is 508
RSU total packet size is 62992
This is tag2. Serialized size is 256
RSU total packet size is 63304
This is tag2. Serialized size is 256
RSU total packet size is 63532
This is tag1. Serialized size is 172
RSU total packet size is 63760
This is tag1. Serialized size is 172
RSU total packet size is 64324
This is tag5. Serialized size is 508
RSU total packet size is 64552
This is tag1. Serialized size is 172
RSU total packet size is 64780
This is tag1. Serialized size is 172
RSU total packet size is 65008
This is tag1. Serialized size is 172
RSU total packet size is 65320
This is tag2. Serialized size is 256
RSU total packet size is 65548
This is tag1. Serialized size is 172
RSU total packet size is 66196
This is tag6. Serialized size is 592
RSU total packet size is 66424
This is tag1. Serialized size is 172
RSU total packet size is 66652
This is tag1. Serialized size is 172
RSU total packet size is 66880
This is tag1. Serialized size is 172
RSU total packet size is 67108
This is tag1. Serialized size is 172
RSU total packet size is 67336
This is tag1. Serialized size is 172
RSU total packet size is 67648
This is tag2. Serialized size is 256
RSU total packet size is 67876
This is tag1. Serialized size is 172
RSU total packet size is 68104
This is tag1. Serialized size is 172
RSU total packet size is 68332
This is tag1. Serialized size is 172
RSU total packet size is 68980
This is tag6. Serialized size is 592
RSU total packet size is 69208
This is tag1. Serialized size is 172
RSU total packet size is 69436
This is tag1. Serialized size is 172
RSU total packet size is 70084
This is tag6. Serialized size is 592
RSU total packet size is 70312
This is tag1. Serialized size is 172
RSU total packet size is 70708
This is tag3. Serialized size is 340
RSU total packet size is 70936
This is tag1. Serialized size is 172
RSU total packet size is 71164
This is tag1. Serialized size is 172
RSU total packet size is 71392
This is tag1. Serialized size is 172
RSU total packet size is 71620
This is tag1. Serialized size is 172
RSU total packet size is 71848
This is tag1. Serialized size is 172
RSU total packet size is 72076
This is tag1. Serialized size is 172
RSU total packet size is 72304
This is tag1. Serialized size is 172
RSU total packet size is 72952
This is tag6. Serialized size is 592
RSU total packet size is 73264
This is tag2. Serialized size is 256
RSU total packet size is 73492
This is tag1. Serialized size is 172
RSU total packet size is 73720
This is tag1. Serialized size is 172
RSU total packet size is 73948
This is tag1. Serialized size is 172
RSU total packet size is 74176
This is tag1. Serialized size is 172
RSU total packet size is 74404
This is tag1. Serialized size is 172
RSU total packet size is 74632
This is tag1. Serialized size is 172
RSU total packet size is 74860
This is tag1. Serialized size is 172
RSU total packet size is 75088
This is tag1. Serialized size is 172
RSU total packet size is 75316
This is tag1. Serialized size is 172
RSU total packet size is 75544
This is tag1. Serialized size is 172
RSU total packet size is 75772
This is tag1. Serialized size is 172
RSU total packet size is 76000
This is tag1. Serialized size is 172
RSU total packet size is 76228
This is tag1. Serialized size is 172
RSU total packet size is 76456
This is tag1. Serialized size is 172
RSU total packet size is 76684
This is tag1. Serialized size is 172
RSU total packet size is 76912
This is tag1. Serialized size is 172
RSU total packet size is 77140
This is tag1. Serialized size is 172
RSU total packet size is 77368
This is tag1. Serialized size is 172
RSU total packet size is 77680
This is tag2. Serialized size is 256
average_latency 0.00 ms
[PDR] Channel-wise: Ch172(133.30m)=100.0% Ch174(133.3m)=100.0% Ch176(133.3m)=100.0% Ch178(282.2m)=100.0% Ch180(67.4m)=100.0% Ch182(67.4m)=100.0% Ch184(214.8m)=100.0% | Avg=100.00%
average packet delivery ratio is 100.00
average jitter is 0.00
average load balance is 100.00
written to file successfully
RSU total packet size is 77908
This is tag1. Serialized size is 172
RSU total packet size is 78640
This is tag7. Serialized size is 676
RSU total packet size is 78868
This is tag1. Serialized size is 172
RSU total packet size is 79432
This is tag5. Serialized size is 508
RSU total packet size is 79744
This is tag2. Serialized size is 256
RSU total packet size is 80728
This is tag10. Serialized size is 928
RSU total packet size is 80956
This is tag1. Serialized size is 172
RSU total packet size is 81184
This is tag1. Serialized size is 172
RSU total packet size is 81412
This is tag1. Serialized size is 172
RSU total packet size is 81976
This is tag5. Serialized size is 508
RSU total packet size is 82288
This is tag2. Serialized size is 256
RSU total packet size is 82600
This is tag2. Serialized size is 256
RSU total packet size is 82828
This is tag1. Serialized size is 172
RSU total packet size is 83056
This is tag1. Serialized size is 172
RSU total packet size is 83620
This is tag5. Serialized size is 508
RSU total packet size is 83848
This is tag1. Serialized size is 172
RSU total packet size is 84076
This is tag1. Serialized size is 172
RSU total packet size is 84304
This is tag1. Serialized size is 172
RSU total packet size is 84616
This is tag2. Serialized size is 256
RSU total packet size is 84844
This is tag1. Serialized size is 172
RSU total packet size is 85492
This is tag6. Serialized size is 592
RSU total packet size is 85720
This is tag1. Serialized size is 172
RSU total packet size is 85948
This is tag1. Serialized size is 172
RSU total packet size is 86176
This is tag1. Serialized size is 172
RSU total packet size is 86404
This is tag1. Serialized size is 172
RSU total packet size is 86632
This is tag1. Serialized size is 172
RSU total packet size is 86944
This is tag2. Serialized size is 256
RSU total packet size is 87172
This is tag1. Serialized size is 172
RSU total packet size is 87400
This is tag1. Serialized size is 172
RSU total packet size is 87628
This is tag1. Serialized size is 172
RSU total packet size is 88276
This is tag6. Serialized size is 592
RSU total packet size is 88504
This is tag1. Serialized size is 172
RSU total packet size is 88732
This is tag1. Serialized size is 172
RSU total packet size is 89380
This is tag6. Serialized size is 592
RSU total packet size is 89608
This is tag1. Serialized size is 172
RSU total packet size is 90004
This is tag3. Serialized size is 340
RSU total packet size is 90232
This is tag1. Serialized size is 172
RSU total packet size is 90460
This is tag1. Serialized size is 172
RSU total packet size is 90688
This is tag1. Serialized size is 172
RSU total packet size is 90916
This is tag1. Serialized size is 172
RSU total packet size is 91144
This is tag1. Serialized size is 172
RSU total packet size is 91372
This is tag1. Serialized size is 172
RSU total packet size is 91600
This is tag1. Serialized size is 172
RSU total packet size is 92248
This is tag6. Serialized size is 592
RSU total packet size is 92560
This is tag2. Serialized size is 256
RSU total packet size is 92788
This is tag1. Serialized size is 172
RSU total packet size is 93016
This is tag1. Serialized size is 172
RSU total packet size is 93244
This is tag1. Serialized size is 172
RSU total packet size is 93472
This is tag1. Serialized size is 172
RSU total packet size is 93700
This is tag1. Serialized size is 172
RSU total packet size is 93928
This is tag1. Serialized size is 172
RSU total packet size is 94156
This is tag1. Serialized size is 172
RSU total packet size is 94384
This is tag1. Serialized size is 172
RSU total packet size is 94612
This is tag1. Serialized size is 172
RSU total packet size is 94840
This is tag1. Serialized size is 172
RSU total packet size is 95068
This is tag1. Serialized size is 172
RSU total packet size is 95296
This is tag1. Serialized size is 172
RSU total packet size is 95524
This is tag1. Serialized size is 172
RSU total packet size is 95752
This is tag1. Serialized size is 172
RSU total packet size is 95980
This is tag1. Serialized size is 172
RSU total packet size is 96208
This is tag1. Serialized size is 172
RSU total packet size is 96436
This is tag1. Serialized size is 172
RSU total packet size is 96664
This is tag1. Serialized size is 172
RSU total packet size is 96976
This is tag2. Serialized size is 256
average_latency 0.00 ms
[PDR] Channel-wise: Ch172(133.30m)=100.0% Ch174(133.3m)=100.0% Ch176(133.3m)=100.0% Ch178(282.2m)=100.0% Ch180(67.4m)=100.0% Ch182(67.4m)=100.0% Ch184(214.8m)=100.0% | Avg=100.00%
average packet delivery ratio is 100.00
average jitter is 0.00
average load balance is 100.00
written to file successfully
RSU total packet size is 97204
This is tag1. Serialized size is 172
RSU total packet size is 97936
This is tag7. Serialized size is 676
RSU total packet size is 98164
This is tag1. Serialized size is 172
RSU total packet size is 98728
This is tag5. Serialized size is 508
RSU total packet size is 99040
This is tag2. Serialized size is 256
RSU total packet size is 100024
This is tag10. Serialized size is 928
RSU total packet size is 100252
This is tag1. Serialized size is 172
RSU total packet size is 100480
This is tag1. Serialized size is 172
RSU total packet size is 100708
This is tag1. Serialized size is 172
RSU total packet size is 101272
This is tag5. Serialized size is 508
RSU total packet size is 101584
This is tag2. Serialized size is 256
RSU total packet size is 101896
This is tag2. Serialized size is 256
RSU total packet size is 102124
This is tag1. Serialized size is 172
RSU total packet size is 102352
This is tag1. Serialized size is 172
RSU total packet size is 102916
This is tag5. Serialized size is 508
RSU total packet size is 103144
This is tag1. Serialized size is 172
RSU total packet size is 103372
This is tag1. Serialized size is 172
RSU total packet size is 103600
This is tag1. Serialized size is 172
RSU total packet size is 103912
This is tag2. Serialized size is 256
RSU total packet size is 104140
This is tag1. Serialized size is 172
RSU total packet size is 104788
This is tag6. Serialized size is 592
RSU total packet size is 105016
This is tag1. Serialized size is 172
RSU total packet size is 105244
This is tag1. Serialized size is 172
RSU total packet size is 105472
This is tag1. Serialized size is 172
RSU total packet size is 105700
This is tag1. Serialized size is 172
RSU total packet size is 105928
This is tag1. Serialized size is 172
RSU total packet size is 106240
This is tag2. Serialized size is 256
RSU total packet size is 106468
This is tag1. Serialized size is 172
RSU total packet size is 106696
This is tag1. Serialized size is 172
RSU total packet size is 106924
This is tag1. Serialized size is 172
RSU total packet size is 107572
This is tag6. Serialized size is 592
RSU total packet size is 107800
This is tag1. Serialized size is 172
RSU total packet size is 108028
This is tag1. Serialized size is 172
RSU total packet size is 108676
This is tag6. Serialized size is 592
RSU total packet size is 108904
This is tag1. Serialized size is 172
RSU total packet size is 109300
This is tag3. Serialized size is 340
RSU total packet size is 109528
This is tag1. Serialized size is 172
RSU total packet size is 109756
This is tag1. Serialized size is 172
RSU total packet size is 109984
This is tag1. Serialized size is 172
RSU total packet size is 110212
This is tag1. Serialized size is 172
RSU total packet size is 110440
This is tag1. Serialized size is 172
RSU total packet size is 110668
This is tag1. Serialized size is 172
RSU total packet size is 110896
This is tag1. Serialized size is 172
RSU total packet size is 111544
This is tag6. Serialized size is 592
RSU total packet size is 111856
This is tag2. Serialized size is 256
RSU total packet size is 112084
This is tag1. Serialized size is 172
RSU total packet size is 112312
This is tag1. Serialized size is 172
RSU total packet size is 112540
This is tag1. Serialized size is 172
RSU total packet size is 112768
This is tag1. Serialized size is 172
RSU total packet size is 112996
This is tag1. Serialized size is 172
RSU total packet size is 113224
This is tag1. Serialized size is 172
RSU total packet size is 113452
This is tag1. Serialized size is 172
RSU total packet size is 113680
This is tag1. Serialized size is 172
RSU total packet size is 113908
This is tag1. Serialized size is 172
RSU total packet size is 114136
This is tag1. Serialized size is 172
RSU total packet size is 114364
This is tag1. Serialized size is 172
RSU total packet size is 114592
This is tag1. Serialized size is 172
RSU total packet size is 114820
This is tag1. Serialized size is 172
RSU total packet size is 115048
This is tag1. Serialized size is 172
RSU total packet size is 115276
This is tag1. Serialized size is 172
RSU total packet size is 115504
This is tag1. Serialized size is 172
RSU total packet size is 115732
This is tag1. Serialized size is 172
RSU total packet size is 115960
This is tag1. Serialized size is 172
RSU total packet size is 116272
This is tag2. Serialized size is 256
average_latency 0.00 ms
[PDR] Channel-wise: Ch172(133.30m)=100.0% Ch174(133.3m)=100.0% Ch176(133.3m)=100.0% Ch178(282.2m)=100.0% Ch180(67.4m)=100.0% Ch182(67.4m)=100.0% Ch184(214.8m)=100.0% | Avg=100.00%
average packet delivery ratio is 100.00
average jitter is 0.00
average load balance is 100.00
written to file successfully
RSU total packet size is 116500
This is tag1. Serialized size is 172
RSU total packet size is 117232
This is tag7. Serialized size is 676
RSU total packet size is 117460
This is tag1. Serialized size is 172
RSU total packet size is 118024
This is tag5. Serialized size is 508
RSU total packet size is 118336
This is tag2. Serialized size is 256
RSU total packet size is 119320
This is tag10. Serialized size is 928
RSU total packet size is 119548
This is tag1. Serialized size is 172
RSU total packet size is 119776
This is tag1. Serialized size is 172
RSU total packet size is 120004
This is tag1. Serialized size is 172
RSU total packet size is 120568
This is tag5. Serialized size is 508
RSU total packet size is 120880
This is tag2. Serialized size is 256
RSU total packet size is 121192
This is tag2. Serialized size is 256
RSU total packet size is 121420
This is tag1. Serialized size is 172
RSU total packet size is 121648
This is tag1. Serialized size is 172
RSU total packet size is 122212
This is tag5. Serialized size is 508
RSU total packet size is 122440
This is tag1. Serialized size is 172
RSU total packet size is 122668
This is tag1. Serialized size is 172
RSU total packet size is 122896
This is tag1. Serialized size is 172
RSU total packet size is 123208
This is tag2. Serialized size is 256
RSU total packet size is 123436
This is tag1. Serialized size is 172
RSU total packet size is 124084
This is tag6. Serialized size is 592
RSU total packet size is 124312
This is tag1. Serialized size is 172
RSU total packet size is 124540
This is tag1. Serialized size is 172
RSU total packet size is 124768
This is tag1. Serialized size is 172
RSU total packet size is 124996
This is tag1. Serialized size is 172
RSU total packet size is 125224
This is tag1. Serialized size is 172
RSU total packet size is 125536
This is tag2. Serialized size is 256
RSU total packet size is 125764
This is tag1. Serialized size is 172
RSU total packet size is 125992
This is tag1. Serialized size is 172
RSU total packet size is 126220
This is tag1. Serialized size is 172
RSU total packet size is 126868
This is tag6. Serialized size is 592
RSU total packet size is 127096
This is tag1. Serialized size is 172
RSU total packet size is 127324
This is tag1. Serialized size is 172
RSU total packet size is 127972
This is tag6. Serialized size is 592
RSU total packet size is 128200
This is tag1. Serialized size is 172
RSU total packet size is 128596
This is tag3. Serialized size is 340
RSU total packet size is 128824
This is tag1. Serialized size is 172
RSU total packet size is 129052
This is tag1. Serialized size is 172
RSU total packet size is 129280
This is tag1. Serialized size is 172
RSU total packet size is 129508
This is tag1. Serialized size is 172
RSU total packet size is 129736
This is tag1. Serialized size is 172
RSU total packet size is 129964
This is tag1. Serialized size is 172
RSU total packet size is 130192
This is tag1. Serialized size is 172
RSU total packet size is 130840
This is tag6. Serialized size is 592
RSU total packet size is 131152
This is tag2. Serialized size is 256
RSU total packet size is 131380
This is tag1. Serialized size is 172
RSU total packet size is 131608
This is tag1. Serialized size is 172
RSU total packet size is 131836
This is tag1. Serialized size is 172
RSU total packet size is 132064
This is tag1. Serialized size is 172
RSU total packet size is 132292
This is tag1. Serialized size is 172
RSU total packet size is 132520
This is tag1. Serialized size is 172
RSU total packet size is 132748
This is tag1. Serialized size is 172
RSU total packet size is 132976
This is tag1. Serialized size is 172
RSU total packet size is 133204
This is tag1. Serialized size is 172
RSU total packet size is 133432
This is tag1. Serialized size is 172
RSU total packet size is 133660
This is tag1. Serialized size is 172
RSU total packet size is 133888
This is tag1. Serialized size is 172
RSU total packet size is 134116
This is tag1. Serialized size is 172
RSU total packet size is 134344
This is tag1. Serialized size is 172
RSU total packet size is 134572
This is tag1. Serialized size is 172
RSU total packet size is 134800
This is tag1. Serialized size is 172
RSU total packet size is 135028
This is tag1. Serialized size is 172
RSU total packet size is 135256
This is tag1. Serialized size is 172
RSU total packet size is 135568
This is tag2. Serialized size is 256
average_latency 0.00 ms
[PDR] Channel-wise: Ch172(133.30m)=100.0% Ch174(133.3m)=100.0% Ch176(133.3m)=100.0% Ch178(282.2m)=100.0% Ch180(67.4m)=100.0% Ch182(67.4m)=100.0% Ch184(214.8m)=100.0% | Avg=100.00%
average packet delivery ratio is 100.00
average jitter is 0.00
average load balance is 100.00
written to file successfully
RSU total packet size is 135796
This is tag1. Serialized size is 172
RSU total packet size is 136528
This is tag7. Serialized size is 676
RSU total packet size is 136756
This is tag1. Serialized size is 172
RSU total packet size is 137320
This is tag5. Serialized size is 508
RSU total packet size is 137632
This is tag2. Serialized size is 256
RSU total packet size is 138616
This is tag10. Serialized size is 928
RSU total packet size is 138844
This is tag1. Serialized size is 172
RSU total packet size is 139072
This is tag1. Serialized size is 172
RSU total packet size is 139300
This is tag1. Serialized size is 172
RSU total packet size is 139864
This is tag5. Serialized size is 508
RSU total packet size is 140176
This is tag2. Serialized size is 256
RSU total packet size is 140488
This is tag2. Serialized size is 256
RSU total packet size is 140716
This is tag1. Serialized size is 172
RSU total packet size is 140944
This is tag1. Serialized size is 172
RSU total packet size is 141508
This is tag5. Serialized size is 508
RSU total packet size is 141736
This is tag1. Serialized size is 172
RSU total packet size is 141964
This is tag1. Serialized size is 172
RSU total packet size is 142192
This is tag1. Serialized size is 172
RSU total packet size is 142504
This is tag2. Serialized size is 256
RSU total packet size is 142732
This is tag1. Serialized size is 172
RSU total packet size is 143380
This is tag6. Serialized size is 592
RSU total packet size is 143608
This is tag1. Serialized size is 172
RSU total packet size is 143836
This is tag1. Serialized size is 172
RSU total packet size is 144064
This is tag1. Serialized size is 172
RSU total packet size is 144292
This is tag1. Serialized size is 172
RSU total packet size is 144520
This is tag1. Serialized size is 172
RSU total packet size is 144832
This is tag2. Serialized size is 256
RSU total packet size is 145060
This is tag1. Serialized size is 172
RSU total packet size is 145288
This is tag1. Serialized size is 172
RSU total packet size is 145516
This is tag1. Serialized size is 172
RSU total packet size is 146164
This is tag6. Serialized size is 592
RSU total packet size is 146392
This is tag1. Serialized size is 172
RSU total packet size is 146620
This is tag1. Serialized size is 172
RSU total packet size is 147268
This is tag6. Serialized size is 592
RSU total packet size is 147496
This is tag1. Serialized size is 172
RSU total packet size is 147892
This is tag3. Serialized size is 340
RSU total packet size is 148120
This is tag1. Serialized size is 172
RSU total packet size is 148348
This is tag1. Serialized size is 172
RSU total packet size is 148576
This is tag1. Serialized size is 172
RSU total packet size is 148804
This is tag1. Serialized size is 172
RSU total packet size is 149032
This is tag1. Serialized size is 172
RSU total packet size is 149260
This is tag1. Serialized size is 172
RSU total packet size is 149488
This is tag1. Serialized size is 172
RSU total packet size is 150136
This is tag6. Serialized size is 592
RSU total packet size is 150448
This is tag2. Serialized size is 256
RSU total packet size is 150676
This is tag1. Serialized size is 172
RSU total packet size is 150904
This is tag1. Serialized size is 172
RSU total packet size is 151132
This is tag1. Serialized size is 172
RSU total packet size is 151360
This is tag1. Serialized size is 172
RSU total packet size is 151588
This is tag1. Serialized size is 172
RSU total packet size is 151816
This is tag1. Serialized size is 172
RSU total packet size is 152044
This is tag1. Serialized size is 172
RSU total packet size is 152272
This is tag1. Serialized size is 172
RSU total packet size is 152500
This is tag1. Serialized size is 172
RSU total packet size is 152728
This is tag1. Serialized size is 172
RSU total packet size is 152956
This is tag1. Serialized size is 172
RSU total packet size is 153184
This is tag1. Serialized size is 172
RSU total packet size is 153412
This is tag1. Serialized size is 172
RSU total packet size is 153640
This is tag1. Serialized size is 172
RSU total packet size is 153868
This is tag1. Serialized size is 172
RSU total packet size is 154096
This is tag1. Serialized size is 172
RSU total packet size is 154324
This is tag1. Serialized size is 172
RSU total packet size is 154552
This is tag1. Serialized size is 172
RSU total packet size is 154864
This is tag2. Serialized size is 256
average_latency 0.00 ms
[PDR] Channel-wise: Ch172(133.30m)=100.0% Ch174(133.3m)=100.0% Ch176(133.3m)=100.0% Ch178(282.2m)=100.0% Ch180(67.4m)=100.0% Ch182(67.4m)=100.0% Ch184(214.8m)=100.0% | Avg=100.00%
average packet delivery ratio is 100.00
average jitter is 0.00
average load balance is 100.00
written to file successfully
RSU total packet size is 155092
This is tag1. Serialized size is 172
RSU total packet size is 155824
This is tag7. Serialized size is 676
RSU total packet size is 156052
This is tag1. Serialized size is 172
RSU total packet size is 156616
This is tag5. Serialized size is 508
RSU total packet size is 156928
This is tag2. Serialized size is 256
RSU total packet size is 157912
This is tag10. Serialized size is 928
RSU total packet size is 158140
This is tag1. Serialized size is 172
RSU total packet size is 158368
This is tag1. Serialized size is 172
RSU total packet size is 158596
This is tag1. Serialized size is 172
RSU total packet size is 159160
This is tag5. Serialized size is 508
RSU total packet size is 159472
This is tag2. Serialized size is 256
RSU total packet size is 159784
This is tag2. Serialized size is 256
RSU total packet size is 160012
This is tag1. Serialized size is 172
RSU total packet size is 160240
This is tag1. Serialized size is 172
RSU total packet size is 160804
This is tag5. Serialized size is 508
RSU total packet size is 161032
This is tag1. Serialized size is 172
RSU total packet size is 161260
This is tag1. Serialized size is 172
RSU total packet size is 161488
This is tag1. Serialized size is 172
RSU total packet size is 161800
This is tag2. Serialized size is 256
RSU total packet size is 162028
This is tag1. Serialized size is 172
RSU total packet size is 162676
This is tag6. Serialized size is 592
RSU total packet size is 162904
This is tag1. Serialized size is 172
RSU total packet size is 163132
This is tag1. Serialized size is 172
RSU total packet size is 163360
This is tag1. Serialized size is 172
RSU total packet size is 163588
This is tag1. Serialized size is 172
RSU total packet size is 163816
This is tag1. Serialized size is 172
RSU total packet size is 164128
This is tag2. Serialized size is 256
RSU total packet size is 164356
This is tag1. Serialized size is 172
RSU total packet size is 164584
This is tag1. Serialized size is 172
RSU total packet size is 164812
This is tag1. Serialized size is 172
RSU total packet size is 165460
This is tag6. Serialized size is 592
RSU total packet size is 165688
This is tag1. Serialized size is 172
RSU total packet size is 165916
This is tag1. Serialized size is 172
RSU total packet size is 166564
This is tag6. Serialized size is 592
RSU total packet size is 166792
This is tag1. Serialized size is 172
RSU total packet size is 167188
This is tag3. Serialized size is 340
RSU total packet size is 167416
This is tag1. Serialized size is 172
RSU total packet size is 167644
This is tag1. Serialized size is 172
RSU total packet size is 167872
This is tag1. Serialized size is 172
RSU total packet size is 168100
This is tag1. Serialized size is 172
RSU total packet size is 168328
This is tag1. Serialized size is 172
RSU total packet size is 168556
This is tag1. Serialized size is 172
RSU total packet size is 168784
This is tag1. Serialized size is 172
RSU total packet size is 169432
This is tag6. Serialized size is 592
RSU total packet size is 169744
This is tag2. Serialized size is 256
RSU total packet size is 169972
This is tag1. Serialized size is 172
RSU total packet size is 170200
This is tag1. Serialized size is 172
RSU total packet size is 170428
This is tag1. Serialized size is 172
RSU total packet size is 170656
This is tag1. Serialized size is 172
RSU total packet size is 170884
This is tag1. Serialized size is 172
RSU total packet size is 171112
This is tag1. Serialized size is 172
RSU total packet size is 171340
This is tag1. Serialized size is 172
RSU total packet size is 171568
This is tag1. Serialized size is 172
RSU total packet size is 171796
This is tag1. Serialized size is 172
RSU total packet size is 172024
This is tag1. Serialized size is 172
RSU total packet size is 172252
This is tag1. Serialized size is 172
RSU total packet size is 172480
This is tag1. Serialized size is 172
RSU total packet size is 172708
This is tag1. Serialized size is 172
RSU total packet size is 172936
This is tag1. Serialized size is 172
RSU total packet size is 173164
This is tag1. Serialized size is 172
RSU total packet size is 173392
This is tag1. Serialized size is 172
RSU total packet size is 173620
This is tag1. Serialized size is 172
RSU total packet size is 173848
This is tag1. Serialized size is 172
RSU total packet size is 174160
This is tag2. Serialized size is 256
average_latency 0.00 ms
[PDR] Channel-wise: Ch172(133.30m)=100.0% Ch174(133.3m)=100.0% Ch176(133.3m)=100.0% Ch178(282.2m)=100.0% Ch180(67.4m)=100.0% Ch182(67.4m)=100.0% Ch184(214.8m)=100.0% | Avg=100.00%
average packet delivery ratio is 100.00
average jitter is 0.00
average load balance is 100.00
written to file successfully
RSU total packet size is 174388
This is tag1. Serialized size is 172
RSU total packet size is 175120
This is tag7. Serialized size is 676
RSU total packet size is 175348
This is tag1. Serialized size is 172
RSU total packet size is 175912
This is tag5. Serialized size is 508
RSU total packet size is 176224
This is tag2. Serialized size is 256
RSU total packet size is 177208
This is tag10. Serialized size is 928
RSU total packet size is 177436
This is tag1. Serialized size is 172
RSU total packet size is 177664
This is tag1. Serialized size is 172
RSU total packet size is 177892
This is tag1. Serialized size is 172
RSU total packet size is 178456
This is tag5. Serialized size is 508
RSU total packet size is 178768
This is tag2. Serialized size is 256
RSU total packet size is 179080
This is tag2. Serialized size is 256
RSU total packet size is 179308
This is tag1. Serialized size is 172
RSU total packet size is 179536
This is tag1. Serialized size is 172
RSU total packet size is 180100
This is tag5. Serialized size is 508
RSU total packet size is 180328
This is tag1. Serialized size is 172
RSU total packet size is 180556
This is tag1. Serialized size is 172
RSU total packet size is 180784
This is tag1. Serialized size is 172
RSU total packet size is 181096
This is tag2. Serialized size is 256
RSU total packet size is 181324
This is tag1. Serialized size is 172
RSU total packet size is 181972
This is tag6. Serialized size is 592
RSU total packet size is 182200
This is tag1. Serialized size is 172
RSU total packet size is 182428
This is tag1. Serialized size is 172
RSU total packet size is 182656
This is tag1. Serialized size is 172
RSU total packet size is 182884
This is tag1. Serialized size is 172
RSU total packet size is 183112
This is tag1. Serialized size is 172
RSU total packet size is 183424
This is tag2. Serialized size is 256
RSU total packet size is 183652
This is tag1. Serialized size is 172
RSU total packet size is 183880
This is tag1. Serialized size is 172
RSU total packet size is 184108
This is tag1. Serialized size is 172
RSU total packet size is 184756
This is tag6. Serialized size is 592
RSU total packet size is 184984
This is tag1. Serialized size is 172
RSU total packet size is 185212
This is tag1. Serialized size is 172
RSU total packet size is 185860
This is tag6. Serialized size is 592
RSU total packet size is 186088
This is tag1. Serialized size is 172
RSU total packet size is 186484
This is tag3. Serialized size is 340
RSU total packet size is 186712
This is tag1. Serialized size is 172
RSU total packet size is 186940
This is tag1. Serialized size is 172
RSU total packet size is 187168
This is tag1. Serialized size is 172
RSU total packet size is 187396
This is tag1. Serialized size is 172
RSU total packet size is 187624
This is tag1. Serialized size is 172
RSU total packet size is 187852
This is tag1. Serialized size is 172
RSU total packet size is 188080
This is tag1. Serialized size is 172
RSU total packet size is 188728
This is tag6. Serialized size is 592
RSU total packet size is 189040
This is tag2. Serialized size is 256
RSU total packet size is 189268
This is tag1. Serialized size is 172
RSU total packet size is 189496
This is tag1. Serialized size is 172
RSU total packet size is 189724
This is tag1. Serialized size is 172
RSU total packet size is 189952
This is tag1. Serialized size is 172
RSU total packet size is 190180
This is tag1. Serialized size is 172
RSU total packet size is 190408
This is tag1. Serialized size is 172
RSU total packet size is 190636
This is tag1. Serialized size is 172
RSU total packet size is 190864
This is tag1. Serialized size is 172
RSU total packet size is 191092
This is tag1. Serialized size is 172
RSU total packet size is 191320
This is tag1. Serialized size is 172
RSU total packet size is 191548
This is tag1. Serialized size is 172
RSU total packet size is 191776
This is tag1. Serialized size is 172
RSU total packet size is 192004
This is tag1. Serialized size is 172
RSU total packet size is 192232
This is tag1. Serialized size is 172
RSU total packet size is 192460
This is tag1. Serialized size is 172
RSU total packet size is 192688
This is tag1. Serialized size is 172
RSU total packet size is 192916
This is tag1. Serialized size is 172
RSU total packet size is 193144
This is tag1. Serialized size is 172
RSU total packet size is 193456
This is tag2. Serialized size is 256
average_latency 0.00 ms
[PDR] Channel-wise: Ch172(133.30m)=100.0% Ch174(133.3m)=100.0% Ch176(133.3m)=100.0% Ch178(282.2m)=100.0% Ch180(67.4m)=100.0% Ch182(67.4m)=100.0% Ch184(214.8m)=100.0% | Avg=100.00%
average packet delivery ratio is 100.00
average jitter is 0.00
average load balance is 100.00
written to file successfully
RSU total packet size is 193684
This is tag1. Serialized size is 172
RSU total packet size is 194416
This is tag7. Serialized size is 676
RSU total packet size is 194644
This is tag1. Serialized size is 172
RSU total packet size is 195208
This is tag5. Serialized size is 508
RSU total packet size is 195520
This is tag2. Serialized size is 256
RSU total packet size is 196504
This is tag10. Serialized size is 928
RSU total packet size is 196732
This is tag1. Serialized size is 172
RSU total packet size is 196960
This is tag1. Serialized size is 172
RSU total packet size is 197188
This is tag1. Serialized size is 172
RSU total packet size is 197752
This is tag5. Serialized size is 508
RSU total packet size is 198064
This is tag2. Serialized size is 256
RSU total packet size is 198376
This is tag2. Serialized size is 256
RSU total packet size is 198604
This is tag1. Serialized size is 172
RSU total packet size is 198832
This is tag1. Serialized size is 172
RSU total packet size is 199396
This is tag5. Serialized size is 508
RSU total packet size is 199624
This is tag1. Serialized size is 172
RSU total packet size is 199852
This is tag1. Serialized size is 172
RSU total packet size is 200080
This is tag1. Serialized size is 172
RSU total packet size is 200392
This is tag2. Serialized size is 256
RSU total packet size is 200620
This is tag1. Serialized size is 172
RSU total packet size is 201268
This is tag6. Serialized size is 592
RSU total packet size is 201496
This is tag1. Serialized size is 172
RSU total packet size is 201724
This is tag1. Serialized size is 172
RSU total packet size is 201952
This is tag1. Serialized size is 172
RSU total packet size is 202180
This is tag1. Serialized size is 172
RSU total packet size is 202408
This is tag1. Serialized size is 172
RSU total packet size is 202720
This is tag2. Serialized size is 256
RSU total packet size is 202948
This is tag1. Serialized size is 172
RSU total packet size is 203176
This is tag1. Serialized size is 172
RSU total packet size is 203404
This is tag1. Serialized size is 172
RSU total packet size is 204052
This is tag6. Serialized size is 592
RSU total packet size is 204280
This is tag1. Serialized size is 172
RSU total packet size is 204508
This is tag1. Serialized size is 172
RSU total packet size is 205156
This is tag6. Serialized size is 592
RSU total packet size is 205384
This is tag1. Serialized size is 172
RSU total packet size is 205780
This is tag3. Serialized size is 340
RSU total packet size is 206008
This is tag1. Serialized size is 172
RSU total packet size is 206236
This is tag1. Serialized size is 172
RSU total packet size is 206464
This is tag1. Serialized size is 172
RSU total packet size is 206692
This is tag1. Serialized size is 172
RSU total packet size is 206920
This is tag1. Serialized size is 172
RSU total packet size is 207148
This is tag1. Serialized size is 172
RSU total packet size is 207376
This is tag1. Serialized size is 172
RSU total packet size is 208024
This is tag6. Serialized size is 592
RSU total packet size is 208336
This is tag2. Serialized size is 256
RSU total packet size is 208564
This is tag1. Serialized size is 172
RSU total packet size is 208792
This is tag1. Serialized size is 172
RSU total packet size is 209020
This is tag1. Serialized size is 172
RSU total packet size is 209248
This is tag1. Serialized size is 172
RSU total packet size is 209476
This is tag1. Serialized size is 172
RSU total packet size is 209704
This is tag1. Serialized size is 172
RSU total packet size is 209932
This is tag1. Serialized size is 172
RSU total packet size is 210160
This is tag1. Serialized size is 172
RSU total packet size is 210388
This is tag1. Serialized size is 172
RSU total packet size is 210616
This is tag1. Serialized size is 172
RSU total packet size is 210844
This is tag1. Serialized size is 172
RSU total packet size is 211072
This is tag1. Serialized size is 172
RSU total packet size is 211300
This is tag1. Serialized size is 172
RSU total packet size is 211528
This is tag1. Serialized size is 172
RSU total packet size is 211756
This is tag1. Serialized size is 172
RSU total packet size is 211984
This is tag1. Serialized size is 172
RSU total packet size is 212212
This is tag1. Serialized size is 172
RSU total packet size is 212440
This is tag1. Serialized size is 172
RSU total packet size is 212752
This is tag2. Serialized size is 256
average_latency 0.00 ms
[PDR] Channel-wise: Ch172(133.30m)=100.0% Ch174(133.3m)=100.0% Ch176(133.3m)=100.0% Ch178(282.2m)=100.0% Ch180(67.4m)=100.0% Ch182(67.4m)=100.0% Ch184(214.8m)=100.0% | Avg=100.00%
average packet delivery ratio is 100.00
average jitter is 0.00
average load balance is 100.00
written to file successfully
RSU total packet size is 212980
This is tag1. Serialized size is 172
RSU total packet size is 213712
This is tag7. Serialized size is 676
RSU total packet size is 213940
This is tag1. Serialized size is 172
RSU total packet size is 214504
This is tag5. Serialized size is 508
RSU total packet size is 214816
This is tag2. Serialized size is 256
RSU total packet size is 215800
This is tag10. Serialized size is 928
RSU total packet size is 216028
This is tag1. Serialized size is 172
RSU total packet size is 216256
This is tag1. Serialized size is 172
RSU total packet size is 216484
This is tag1. Serialized size is 172
RSU total packet size is 217048
This is tag5. Serialized size is 508
RSU total packet size is 217360
This is tag2. Serialized size is 256
RSU total packet size is 217672
This is tag2. Serialized size is 256
RSU total packet size is 217900
This is tag1. Serialized size is 172
RSU total packet size is 218128
This is tag1. Serialized size is 172
RSU total packet size is 218692
This is tag5. Serialized size is 508
RSU total packet size is 218920
This is tag1. Serialized size is 172
RSU total packet size is 219148
This is tag1. Serialized size is 172
RSU total packet size is 219376
This is tag1. Serialized size is 172
RSU total packet size is 219688
This is tag2. Serialized size is 256
RSU total packet size is 219916
This is tag1. Serialized size is 172
RSU total packet size is 220564
This is tag6. Serialized size is 592
RSU total packet size is 220792
This is tag1. Serialized size is 172
RSU total packet size is 221020
This is tag1. Serialized size is 172
RSU total packet size is 221248
This is tag1. Serialized size is 172
RSU total packet size is 221476
This is tag1. Serialized size is 172
RSU total packet size is 221704
This is tag1. Serialized size is 172
RSU total packet size is 222016
This is tag2. Serialized size is 256
RSU total packet size is 222244
This is tag1. Serialized size is 172
RSU total packet size is 222472
This is tag1. Serialized size is 172
RSU total packet size is 222700
This is tag1. Serialized size is 172
RSU total packet size is 223348
This is tag6. Serialized size is 592
RSU total packet size is 223576
This is tag1. Serialized size is 172
RSU total packet size is 223804
This is tag1. Serialized size is 172
RSU total packet size is 224452
This is tag6. Serialized size is 592
RSU total packet size is 224680
This is tag1. Serialized size is 172
RSU total packet size is 225076
This is tag3. Serialized size is 340
RSU total packet size is 225304
This is tag1. Serialized size is 172
RSU total packet size is 225532
This is tag1. Serialized size is 172
RSU total packet size is 225760
This is tag1. Serialized size is 172
RSU total packet size is 225988
This is tag1. Serialized size is 172
RSU total packet size is 226216
This is tag1. Serialized size is 172
RSU total packet size is 226444
This is tag1. Serialized size is 172
RSU total packet size is 226672
This is tag1. Serialized size is 172
RSU total packet size is 227320
This is tag6. Serialized size is 592
RSU total packet size is 227632
This is tag2. Serialized size is 256
RSU total packet size is 227860
This is tag1. Serialized size is 172
RSU total packet size is 228088
This is tag1. Serialized size is 172
RSU total packet size is 228316
This is tag1. Serialized size is 172
RSU total packet size is 228544
This is tag1. Serialized size is 172
RSU total packet size is 228772
This is tag1. Serialized size is 172
RSU total packet size is 229000
This is tag1. Serialized size is 172
RSU total packet size is 229228
This is tag1. Serialized size is 172
RSU total packet size is 229456
This is tag1. Serialized size is 172
RSU total packet size is 229684
This is tag1. Serialized size is 172
RSU total packet size is 229912
This is tag1. Serialized size is 172
RSU total packet size is 230140
This is tag1. Serialized size is 172
RSU total packet size is 230368
This is tag1. Serialized size is 172
RSU total packet size is 230596
This is tag1. Serialized size is 172
RSU total packet size is 230824
This is tag1. Serialized size is 172
RSU total packet size is 231052
This is tag1. Serialized size is 172
RSU total packet size is 231280
This is tag1. Serialized size is 172
RSU total packet size is 231508
This is tag1. Serialized size is 172
RSU total packet size is 231736
This is tag1. Serialized size is 172
RSU total packet size is 232048
This is tag2. Serialized size is 256
average_latency 0.00 ms
[PDR] Channel-wise: Ch172(133.30m)=100.0% Ch174(133.3m)=100.0% Ch176(133.3m)=100.0% Ch178(282.2m)=100.0% Ch180(67.4m)=100.0% Ch182(67.4m)=100.0% Ch184(214.8m)=100.0% | Avg=100.00%
average packet delivery ratio is 100.00
average jitter is 0.00
average load balance is 100.00
written to file successfully
RSU total packet size is 232276
This is tag1. Serialized size is 172
RSU total packet size is 233008
This is tag7. Serialized size is 676
RSU total packet size is 233236
This is tag1. Serialized size is 172
RSU total packet size is 233800
This is tag5. Serialized size is 508
RSU total packet size is 234112
This is tag2. Serialized size is 256
RSU total packet size is 235096
This is tag10. Serialized size is 928
RSU total packet size is 235324
This is tag1. Serialized size is 172
RSU total packet size is 235552
This is tag1. Serialized size is 172
RSU total packet size is 235780
This is tag1. Serialized size is 172
RSU total packet size is 236344
This is tag5. Serialized size is 508
RSU total packet size is 236656
This is tag2. Serialized size is 256
RSU total packet size is 236968
This is tag2. Serialized size is 256
RSU total packet size is 237196
This is tag1. Serialized size is 172
RSU total packet size is 237424
This is tag1. Serialized size is 172
RSU total packet size is 237988
This is tag5. Serialized size is 508
RSU total packet size is 238216
This is tag1. Serialized size is 172
RSU total packet size is 238444
This is tag1. Serialized size is 172
RSU total packet size is 238672
This is tag1. Serialized size is 172
RSU total packet size is 238984
This is tag2. Serialized size is 256
RSU total packet size is 239212
This is tag1. Serialized size is 172
RSU total packet size is 239860
This is tag6. Serialized size is 592
RSU total packet size is 240088
This is tag1. Serialized size is 172
RSU total packet size is 240316
This is tag1. Serialized size is 172
RSU total packet size is 240544
This is tag1. Serialized size is 172
RSU total packet size is 240772
This is tag1. Serialized size is 172
RSU total packet size is 241000
This is tag1. Serialized size is 172
RSU total packet size is 241312
This is tag2. Serialized size is 256
RSU total packet size is 241540
This is tag1. Serialized size is 172
RSU total packet size is 241768
This is tag1. Serialized size is 172
RSU total packet size is 241996
This is tag1. Serialized size is 172
RSU total packet size is 242644
This is tag6. Serialized size is 592
RSU total packet size is 242872
This is tag1. Serialized size is 172
RSU total packet size is 243100
This is tag1. Serialized size is 172
RSU total packet size is 243748
This is tag6. Serialized size is 592
RSU total packet size is 243976
This is tag1. Serialized size is 172
RSU total packet size is 244372
This is tag3. Serialized size is 340
RSU total packet size is 244600
This is tag1. Serialized size is 172
RSU total packet size is 244828
This is tag1. Serialized size is 172
RSU total packet size is 245056
This is tag1. Serialized size is 172
RSU total packet size is 245284
This is tag1. Serialized size is 172
RSU total packet size is 245512
This is tag1. Serialized size is 172
RSU total packet size is 245740
This is tag1. Serialized size is 172
RSU total packet size is 245968
This is tag1. Serialized size is 172
RSU total packet size is 246616
This is tag6. Serialized size is 592
RSU total packet size is 246928
This is tag2. Serialized size is 256
RSU total packet size is 247156
This is tag1. Serialized size is 172
RSU total packet size is 247384
This is tag1. Serialized size is 172
RSU total packet size is 247612
This is tag1. Serialized size is 172
RSU total packet size is 247840
This is tag1. Serialized size is 172
RSU total packet size is 248068
This is tag1. Serialized size is 172
RSU total packet size is 248296
This is tag1. Serialized size is 172
RSU total packet size is 248524
This is tag1. Serialized size is 172
RSU total packet size is 248752
This is tag1. Serialized size is 172
RSU total packet size is 248980
This is tag1. Serialized size is 172
RSU total packet size is 249208
This is tag1. Serialized size is 172
RSU total packet size is 249436
This is tag1. Serialized size is 172
RSU total packet size is 249664
This is tag1. Serialized size is 172
RSU total packet size is 249892
This is tag1. Serialized size is 172
RSU total packet size is 250120
This is tag1. Serialized size is 172
RSU total packet size is 250348
This is tag1. Serialized size is 172
RSU total packet size is 250576
This is tag1. Serialized size is 172
RSU total packet size is 250804
This is tag1. Serialized size is 172
RSU total packet size is 251032
This is tag1. Serialized size is 172
RSU total packet size is 251344
This is tag2. Serialized size is 256
average_latency 0.00 ms
[PDR] Channel-wise: Ch172(133.30m)=100.0% Ch174(133.3m)=100.0% Ch176(133.3m)=100.0% Ch178(282.2m)=100.0% Ch180(67.4m)=100.0% Ch182(67.4m)=100.0% Ch184(214.8m)=100.0% | Avg=100.00%
average packet delivery ratio is 100.00
average jitter is 0.00
average load balance is 100.00
written to file successfully
RSU total packet size is 251572
This is tag1. Serialized size is 172
RSU total packet size is 252304
This is tag7. Serialized size is 676
RSU total packet size is 252532
This is tag1. Serialized size is 172
RSU total packet size is 253096
This is tag5. Serialized size is 508
RSU total packet size is 253408
This is tag2. Serialized size is 256
RSU total packet size is 254392
This is tag10. Serialized size is 928
RSU total packet size is 254620
This is tag1. Serialized size is 172
RSU total packet size is 254848
This is tag1. Serialized size is 172
RSU total packet size is 255076
This is tag1. Serialized size is 172
RSU total packet size is 255640
This is tag5. Serialized size is 508
RSU total packet size is 255952
This is tag2. Serialized size is 256
RSU total packet size is 256264
This is tag2. Serialized size is 256
RSU total packet size is 256492
This is tag1. Serialized size is 172
RSU total packet size is 256720
This is tag1. Serialized size is 172
RSU total packet size is 257284
This is tag5. Serialized size is 508
RSU total packet size is 257512
This is tag1. Serialized size is 172
RSU total packet size is 257740
This is tag1. Serialized size is 172
RSU total packet size is 257968
This is tag1. Serialized size is 172
RSU total packet size is 258280
This is tag2. Serialized size is 256
RSU total packet size is 258508
This is tag1. Serialized size is 172
RSU total packet size is 259156
This is tag6. Serialized size is 592
RSU total packet size is 259384
This is tag1. Serialized size is 172
RSU total packet size is 259612
This is tag1. Serialized size is 172
RSU total packet size is 259840
This is tag1. Serialized size is 172
RSU total packet size is 260068
This is tag1. Serialized size is 172
RSU total packet size is 260296
This is tag1. Serialized size is 172
RSU total packet size is 260608
This is tag2. Serialized size is 256
RSU total packet size is 260836
This is tag1. Serialized size is 172
RSU total packet size is 261064
This is tag1. Serialized size is 172
RSU total packet size is 261292
This is tag1. Serialized size is 172
RSU total packet size is 261940
This is tag6. Serialized size is 592
RSU total packet size is 262168
This is tag1. Serialized size is 172
RSU total packet size is 262396
This is tag1. Serialized size is 172
RSU total packet size is 263044
This is tag6. Serialized size is 592
RSU total packet size is 263272
This is tag1. Serialized size is 172
RSU total packet size is 263668
This is tag3. Serialized size is 340
RSU total packet size is 263896
This is tag1. Serialized size is 172
RSU total packet size is 264124
This is tag1. Serialized size is 172
RSU total packet size is 264352
This is tag1. Serialized size is 172
RSU total packet size is 264580
This is tag1. Serialized size is 172
RSU total packet size is 264808
This is tag1. Serialized size is 172
RSU total packet size is 265036
This is tag1. Serialized size is 172
RSU total packet size is 265264
This is tag1. Serialized size is 172
RSU total packet size is 265912
This is tag6. Serialized size is 592
RSU total packet size is 266224
This is tag2. Serialized size is 256
RSU total packet size is 266452
This is tag1. Serialized size is 172
RSU total packet size is 266680
This is tag1. Serialized size is 172
RSU total packet size is 266908
This is tag1. Serialized size is 172
RSU total packet size is 267136
This is tag1. Serialized size is 172
RSU total packet size is 267364
This is tag1. Serialized size is 172
RSU total packet size is 267592
This is tag1. Serialized size is 172
RSU total packet size is 267820
This is tag1. Serialized size is 172
RSU total packet size is 268048
This is tag1. Serialized size is 172
RSU total packet size is 268276
This is tag1. Serialized size is 172
RSU total packet size is 268504
This is tag1. Serialized size is 172
RSU total packet size is 268732
This is tag1. Serialized size is 172
RSU total packet size is 268960
This is tag1. Serialized size is 172
RSU total packet size is 269188
This is tag1. Serialized size is 172
RSU total packet size is 269416
This is tag1. Serialized size is 172
RSU total packet size is 269644
This is tag1. Serialized size is 172
RSU total packet size is 269872
This is tag1. Serialized size is 172
RSU total packet size is 270100
This is tag1. Serialized size is 172
RSU total packet size is 270328
This is tag1. Serialized size is 172
RSU total packet size is 270640
This is tag2. Serialized size is 256
average_latency 0.00 ms
[PDR] Channel-wise: Ch172(133.30m)=100.0% Ch174(133.3m)=100.0% Ch176(133.3m)=100.0% Ch178(282.2m)=100.0% Ch180(67.4m)=100.0% Ch182(67.4m)=100.0% Ch184(214.8m)=100.0% | Avg=100.00%
average packet delivery ratio is 100.00
average jitter is 0.00
average load balance is 100.00
written to file successfully
RSU total packet size is 270868
This is tag1. Serialized size is 172
RSU total packet size is 271600
This is tag7. Serialized size is 676
RSU total packet size is 271828
This is tag1. Serialized size is 172
RSU total packet size is 272392
This is tag5. Serialized size is 508
RSU total packet size is 272704
This is tag2. Serialized size is 256
RSU total packet size is 273688
This is tag10. Serialized size is 928
RSU total packet size is 273916
This is tag1. Serialized size is 172
RSU total packet size is 274144
This is tag1. Serialized size is 172
RSU total packet size is 274372
This is tag1. Serialized size is 172
RSU total packet size is 274936
This is tag5. Serialized size is 508
RSU total packet size is 275248
This is tag2. Serialized size is 256
RSU total packet size is 275560
This is tag2. Serialized size is 256
RSU total packet size is 275788
This is tag1. Serialized size is 172
RSU total packet size is 276016
This is tag1. Serialized size is 172
RSU total packet size is 276580
This is tag5. Serialized size is 508
RSU total packet size is 276808
This is tag1. Serialized size is 172
RSU total packet size is 277036
This is tag1. Serialized size is 172
RSU total packet size is 277264
This is tag1. Serialized size is 172
RSU total packet size is 277576
This is tag2. Serialized size is 256
RSU total packet size is 277804
This is tag1. Serialized size is 172
RSU total packet size is 278452
This is tag6. Serialized size is 592
RSU total packet size is 278680
This is tag1. Serialized size is 172
RSU total packet size is 278908
This is tag1. Serialized size is 172
RSU total packet size is 279136
This is tag1. Serialized size is 172
RSU total packet size is 279364
This is tag1. Serialized size is 172
RSU total packet size is 279592
This is tag1. Serialized size is 172
RSU total packet size is 279904
This is tag2. Serialized size is 256
RSU total packet size is 280132
This is tag1. Serialized size is 172
RSU total packet size is 280360
This is tag1. Serialized size is 172
RSU total packet size is 280588
This is tag1. Serialized size is 172
RSU total packet size is 281236
This is tag6. Serialized size is 592
RSU total packet size is 281464
This is tag1. Serialized size is 172
RSU total packet size is 281692
This is tag1. Serialized size is 172
RSU total packet size is 282340
This is tag6. Serialized size is 592
RSU total packet size is 282568
This is tag1. Serialized size is 172
RSU total packet size is 282964
This is tag3. Serialized size is 340
RSU total packet size is 283192
This is tag1. Serialized size is 172
RSU total packet size is 283420
This is tag1. Serialized size is 172
RSU total packet size is 283648
This is tag1. Serialized size is 172
RSU total packet size is 283876
This is tag1. Serialized size is 172
RSU total packet size is 284104
This is tag1. Serialized size is 172
RSU total packet size is 284332
This is tag1. Serialized size is 172
RSU total packet size is 284560
This is tag1. Serialized size is 172
RSU total packet size is 285208
This is tag6. Serialized size is 592
RSU total packet size is 285520
This is tag2. Serialized size is 256
RSU total packet size is 285748
This is tag1. Serialized size is 172
RSU total packet size is 285976
This is tag1. Serialized size is 172
RSU total packet size is 286204
This is tag1. Serialized size is 172
RSU total packet size is 286432
This is tag1. Serialized size is 172
RSU total packet size is 286660
This is tag1. Serialized size is 172
RSU total packet size is 286888
This is tag1. Serialized size is 172
RSU total packet size is 287116
This is tag1. Serialized size is 172
RSU total packet size is 287344
This is tag1. Serialized size is 172
RSU total packet size is 287572
This is tag1. Serialized size is 172
RSU total packet size is 287800
This is tag1. Serialized size is 172
RSU total packet size is 288028
This is tag1. Serialized size is 172
RSU total packet size is 288256
This is tag1. Serialized size is 172
RSU total packet size is 288484
This is tag1. Serialized size is 172
RSU total packet size is 288712
This is tag1. Serialized size is 172
RSU total packet size is 288940
This is tag1. Serialized size is 172
RSU total packet size is 289168
This is tag1. Serialized size is 172
RSU total packet size is 289396
This is tag1. Serialized size is 172
RSU total packet size is 289624
This is tag1. Serialized size is 172
RSU total packet size is 289936
This is tag2. Serialized size is 256
average_latency 0.00 ms
[PDR] Channel-wise: Ch172(133.30m)=100.0% Ch174(133.3m)=100.0% Ch176(133.3m)=100.0% Ch178(282.2m)=100.0% Ch180(67.4m)=100.0% Ch182(67.4m)=100.0% Ch184(214.8m)=100.0% | Avg=100.00%
average packet delivery ratio is 100.00
average jitter is 0.00
average load balance is 100.00
written to file successfully
RSU total packet size is 290164
This is tag1. Serialized size is 172
RSU total packet size is 290896
This is tag7. Serialized size is 676
RSU total packet size is 291124
This is tag1. Serialized size is 172
RSU total packet size is 291688
This is tag5. Serialized size is 508
RSU total packet size is 292000
This is tag2. Serialized size is 256
RSU total packet size is 292984
This is tag10. Serialized size is 928
RSU total packet size is 293212
This is tag1. Serialized size is 172
RSU total packet size is 293440
This is tag1. Serialized size is 172
RSU total packet size is 293668
This is tag1. Serialized size is 172
RSU total packet size is 294232
This is tag5. Serialized size is 508
RSU total packet size is 294544
This is tag2. Serialized size is 256
RSU total packet size is 294856
This is tag2. Serialized size is 256
RSU total packet size is 295084
This is tag1. Serialized size is 172
RSU total packet size is 295312
This is tag1. Serialized size is 172
RSU total packet size is 295876
This is tag5. Serialized size is 508
RSU total packet size is 296104
This is tag1. Serialized size is 172
RSU total packet size is 296332
This is tag1. Serialized size is 172
RSU total packet size is 296560
This is tag1. Serialized size is 172
RSU total packet size is 296872
This is tag2. Serialized size is 256
RSU total packet size is 297100
This is tag1. Serialized size is 172
RSU total packet size is 297748
This is tag6. Serialized size is 592
RSU total packet size is 297976
This is tag1. Serialized size is 172
RSU total packet size is 298204
This is tag1. Serialized size is 172
RSU total packet size is 298432
This is tag1. Serialized size is 172
RSU total packet size is 298660
This is tag1. Serialized size is 172
RSU total packet size is 298888
This is tag1. Serialized size is 172
RSU total packet size is 299200
This is tag2. Serialized size is 256
RSU total packet size is 299428
This is tag1. Serialized size is 172
RSU total packet size is 299656
This is tag1. Serialized size is 172
RSU total packet size is 299884
This is tag1. Serialized size is 172
RSU total packet size is 300532
This is tag6. Serialized size is 592
RSU total packet size is 300760
This is tag1. Serialized size is 172
RSU total packet size is 300988
This is tag1. Serialized size is 172
RSU total packet size is 301636
This is tag6. Serialized size is 592
RSU total packet size is 301864
This is tag1. Serialized size is 172
RSU total packet size is 302260
This is tag3. Serialized size is 340
RSU total packet size is 302488
This is tag1. Serialized size is 172
RSU total packet size is 302716
This is tag1. Serialized size is 172
RSU total packet size is 302944
This is tag1. Serialized size is 172
RSU total packet size is 303172
This is tag1. Serialized size is 172
RSU total packet size is 303400
This is tag1. Serialized size is 172
RSU total packet size is 303628
This is tag1. Serialized size is 172
RSU total packet size is 303856
This is tag1. Serialized size is 172
RSU total packet size is 304504
This is tag6. Serialized size is 592
RSU total packet size is 304816
This is tag2. Serialized size is 256
RSU total packet size is 305044
This is tag1. Serialized size is 172
RSU total packet size is 305272
This is tag1. Serialized size is 172
RSU total packet size is 305500
This is tag1. Serialized size is 172
RSU total packet size is 305728
This is tag1. Serialized size is 172
RSU total packet size is 305956
This is tag1. Serialized size is 172
RSU total packet size is 306184
This is tag1. Serialized size is 172
RSU total packet size is 306412
This is tag1. Serialized size is 172
RSU total packet size is 306640
This is tag1. Serialized size is 172
RSU total packet size is 306868
This is tag1. Serialized size is 172
RSU total packet size is 307096
This is tag1. Serialized size is 172
RSU total packet size is 307324
This is tag1. Serialized size is 172
RSU total packet size is 307552
This is tag1. Serialized size is 172
RSU total packet size is 307780
This is tag1. Serialized size is 172
RSU total packet size is 308008
This is tag1. Serialized size is 172
RSU total packet size is 308236
This is tag1. Serialized size is 172
RSU total packet size is 308464
This is tag1. Serialized size is 172
RSU total packet size is 308692
This is tag1. Serialized size is 172
RSU total packet size is 308920
This is tag1. Serialized size is 172
RSU total packet size is 309232
This is tag2. Serialized size is 256
average_latency 0.00 ms
[PDR] Channel-wise: Ch172(133.30m)=100.0% Ch174(133.3m)=100.0% Ch176(133.3m)=100.0% Ch178(282.2m)=100.0% Ch180(67.4m)=100.0% Ch182(67.4m)=100.0% Ch184(214.8m)=100.0% | Avg=100.00%
average packet delivery ratio is 100.00
average jitter is 0.00
average load balance is 100.00
written to file successfully
RSU total packet size is 309460
This is tag1. Serialized size is 172
RSU total packet size is 310192
This is tag7. Serialized size is 676
RSU total packet size is 310420
This is tag1. Serialized size is 172
RSU total packet size is 310984
This is tag5. Serialized size is 508
RSU total packet size is 311296
This is tag2. Serialized size is 256
RSU total packet size is 312280
This is tag10. Serialized size is 928
RSU total packet size is 312508
This is tag1. Serialized size is 172
RSU total packet size is 312736
This is tag1. Serialized size is 172
RSU total packet size is 312964
This is tag1. Serialized size is 172
RSU total packet size is 313528
This is tag5. Serialized size is 508
RSU total packet size is 313840
This is tag2. Serialized size is 256
RSU total packet size is 314152
This is tag2. Serialized size is 256
RSU total packet size is 314380
This is tag1. Serialized size is 172
RSU total packet size is 314608
This is tag1. Serialized size is 172
RSU total packet size is 315172
This is tag5. Serialized size is 508
RSU total packet size is 315400
This is tag1. Serialized size is 172
RSU total packet size is 315628
This is tag1. Serialized size is 172
RSU total packet size is 315856
This is tag1. Serialized size is 172
RSU total packet size is 316168
This is tag2. Serialized size is 256
RSU total packet size is 316396
This is tag1. Serialized size is 172
RSU total packet size is 317044
This is tag6. Serialized size is 592
RSU total packet size is 317272
This is tag1. Serialized size is 172
RSU total packet size is 317500
This is tag1. Serialized size is 172
RSU total packet size is 317728
This is tag1. Serialized size is 172
RSU total packet size is 317956
This is tag1. Serialized size is 172
RSU total packet size is 318184
This is tag1. Serialized size is 172
RSU total packet size is 318496
This is tag2. Serialized size is 256
RSU total packet size is 318724
This is tag1. Serialized size is 172
RSU total packet size is 318952
This is tag1. Serialized size is 172
RSU total packet size is 319180
This is tag1. Serialized size is 172
RSU total packet size is 319828
This is tag6. Serialized size is 592
RSU total packet size is 320056
This is tag1. Serialized size is 172
RSU total packet size is 320284
This is tag1. Serialized size is 172
RSU total packet size is 320932
This is tag6. Serialized size is 592
RSU total packet size is 321160
This is tag1. Serialized size is 172
RSU total packet size is 321556
This is tag3. Serialized size is 340
RSU total packet size is 321784
This is tag1. Serialized size is 172
RSU total packet size is 322012
This is tag1. Serialized size is 172
RSU total packet size is 322240
This is tag1. Serialized size is 172
RSU total packet size is 322468
This is tag1. Serialized size is 172
RSU total packet size is 322696
This is tag1. Serialized size is 172
RSU total packet size is 322924
This is tag1. Serialized size is 172
RSU total packet size is 323152
This is tag1. Serialized size is 172
RSU total packet size is 323800
This is tag6. Serialized size is 592
RSU total packet size is 324112
This is tag2. Serialized size is 256
RSU total packet size is 324340
This is tag1. Serialized size is 172
RSU total packet size is 324568
This is tag1. Serialized size is 172
RSU total packet size is 324796
This is tag1. Serialized size is 172
RSU total packet size is 325024
This is tag1. Serialized size is 172
RSU total packet size is 325252
This is tag1. Serialized size is 172
RSU total packet size is 325480
This is tag1. Serialized size is 172
RSU total packet size is 325708
This is tag1. Serialized size is 172
RSU total packet size is 325936
This is tag1. Serialized size is 172
RSU total packet size is 326164
This is tag1. Serialized size is 172
RSU total packet size is 326392
This is tag1. Serialized size is 172
RSU total packet size is 326620
This is tag1. Serialized size is 172
RSU total packet size is 326848
This is tag1. Serialized size is 172
RSU total packet size is 327076
This is tag1. Serialized size is 172
RSU total packet size is 327304
This is tag1. Serialized size is 172
RSU total packet size is 327532
This is tag1. Serialized size is 172
RSU total packet size is 327760
This is tag1. Serialized size is 172
RSU total packet size is 327988
This is tag1. Serialized size is 172
RSU total packet size is 328216
This is tag1. Serialized size is 172
RSU total packet size is 328528
This is tag2. Serialized size is 256
average_latency 0.00 ms
[PDR] Channel-wise: Ch172(133.30m)=100.0% Ch174(133.3m)=100.0% Ch176(133.3m)=100.0% Ch178(282.2m)=100.0% Ch180(67.4m)=100.0% Ch182(67.4m)=100.0% Ch184(214.8m)=100.0% | Avg=100.00%
average packet delivery ratio is 100.00
average jitter is 0.00
average load balance is 100.00
written to file successfully
RSU total packet size is 328756
This is tag1. Serialized size is 172
RSU total packet size is 329488
This is tag7. Serialized size is 676
RSU total packet size is 329716
This is tag1. Serialized size is 172
RSU total packet size is 330280
This is tag5. Serialized size is 508
RSU total packet size is 330592
This is tag2. Serialized size is 256
RSU total packet size is 331576
This is tag10. Serialized size is 928
RSU total packet size is 331804
This is tag1. Serialized size is 172
RSU total packet size is 332032
This is tag1. Serialized size is 172
RSU total packet size is 332260
This is tag1. Serialized size is 172
RSU total packet size is 332824
This is tag5. Serialized size is 508
RSU total packet size is 333136
This is tag2. Serialized size is 256
RSU total packet size is 333448
This is tag2. Serialized size is 256
RSU total packet size is 333676
This is tag1. Serialized size is 172
RSU total packet size is 333904
This is tag1. Serialized size is 172
RSU total packet size is 334468
This is tag5. Serialized size is 508
RSU total packet size is 334696
This is tag1. Serialized size is 172
RSU total packet size is 334924
This is tag1. Serialized size is 172
RSU total packet size is 335152
This is tag1. Serialized size is 172
RSU total packet size is 335464
This is tag2. Serialized size is 256
RSU total packet size is 335692
This is tag1. Serialized size is 172
RSU total packet size is 336340
This is tag6. Serialized size is 592
RSU total packet size is 336568
This is tag1. Serialized size is 172
RSU total packet size is 336796
This is tag1. Serialized size is 172
RSU total packet size is 337024
This is tag1. Serialized size is 172
RSU total packet size is 337252
This is tag1. Serialized size is 172
RSU total packet size is 337480
This is tag1. Serialized size is 172
RSU total packet size is 337792
This is tag2. Serialized size is 256
RSU total packet size is 338020
This is tag1. Serialized size is 172
RSU total packet size is 338248
This is tag1. Serialized size is 172
RSU total packet size is 338476
This is tag1. Serialized size is 172
RSU total packet size is 339124
This is tag6. Serialized size is 592
RSU total packet size is 339352
This is tag1. Serialized size is 172
RSU total packet size is 339580
This is tag1. Serialized size is 172
RSU total packet size is 340228
This is tag6. Serialized size is 592
RSU total packet size is 340456
This is tag1. Serialized size is 172
RSU total packet size is 340852
This is tag3. Serialized size is 340
RSU total packet size is 341080
This is tag1. Serialized size is 172
RSU total packet size is 341308
This is tag1. Serialized size is 172
RSU total packet size is 341536
This is tag1. Serialized size is 172
RSU total packet size is 341764
This is tag1. Serialized size is 172
RSU total packet size is 341992
This is tag1. Serialized size is 172
RSU total packet size is 342220
This is tag1. Serialized size is 172
RSU total packet size is 342448
This is tag1. Serialized size is 172
RSU total packet size is 343096
This is tag6. Serialized size is 592
RSU total packet size is 343408
This is tag2. Serialized size is 256
RSU total packet size is 343636
This is tag1. Serialized size is 172
RSU total packet size is 343864
This is tag1. Serialized size is 172
RSU total packet size is 344092
This is tag1. Serialized size is 172
RSU total packet size is 344320
This is tag1. Serialized size is 172
RSU total packet size is 344548
This is tag1. Serialized size is 172
RSU total packet size is 344776
This is tag1. Serialized size is 172
RSU total packet size is 345004
This is tag1. Serialized size is 172
RSU total packet size is 345232
This is tag1. Serialized size is 172
RSU total packet size is 345460
This is tag1. Serialized size is 172
RSU total packet size is 345688
This is tag1. Serialized size is 172
RSU total packet size is 345916
This is tag1. Serialized size is 172
RSU total packet size is 346144
This is tag1. Serialized size is 172
RSU total packet size is 346372
This is tag1. Serialized size is 172
RSU total packet size is 346600
This is tag1. Serialized size is 172
RSU total packet size is 346828
This is tag1. Serialized size is 172
RSU total packet size is 347056
This is tag1. Serialized size is 172
RSU total packet size is 347284
This is tag1. Serialized size is 172
RSU total packet size is 347512
This is tag1. Serialized size is 172
RSU total packet size is 347824
This is tag2. Serialized size is 256
average_latency 0.00 ms
[PDR] Channel-wise: Ch172(133.30m)=100.0% Ch174(133.3m)=100.0% Ch176(133.3m)=100.0% Ch178(282.2m)=100.0% Ch180(67.4m)=100.0% Ch182(67.4m)=100.0% Ch184(214.8m)=100.0% | Avg=100.00%
average packet delivery ratio is 100.00
average jitter is 0.00
average load balance is 100.00
written to file successfully
RSU total packet size is 348052
This is tag1. Serialized size is 172
RSU total packet size is 348784
This is tag7. Serialized size is 676
RSU total packet size is 349012
This is tag1. Serialized size is 172
RSU total packet size is 349576
This is tag5. Serialized size is 508
RSU total packet size is 349888
This is tag2. Serialized size is 256
RSU total packet size is 350872
This is tag10. Serialized size is 928
RSU total packet size is 351100
This is tag1. Serialized size is 172
RSU total packet size is 351328
This is tag1. Serialized size is 172
RSU total packet size is 351556
This is tag1. Serialized size is 172
RSU total packet size is 352120
This is tag5. Serialized size is 508
RSU total packet size is 352432
This is tag2. Serialized size is 256
RSU total packet size is 352744
This is tag2. Serialized size is 256
RSU total packet size is 352972
This is tag1. Serialized size is 172
RSU total packet size is 353200
This is tag1. Serialized size is 172
RSU total packet size is 353764
This is tag5. Serialized size is 508
RSU total packet size is 353992
This is tag1. Serialized size is 172
RSU total packet size is 354220
This is tag1. Serialized size is 172
RSU total packet size is 354448
This is tag1. Serialized size is 172
RSU total packet size is 354760
This is tag2. Serialized size is 256
RSU total packet size is 354988
This is tag1. Serialized size is 172
RSU total packet size is 355636
This is tag6. Serialized size is 592
RSU total packet size is 355864
This is tag1. Serialized size is 172
RSU total packet size is 356092
This is tag1. Serialized size is 172
RSU total packet size is 356320
This is tag1. Serialized size is 172
RSU total packet size is 356548
This is tag1. Serialized size is 172
RSU total packet size is 356776
This is tag1. Serialized size is 172
RSU total packet size is 357088
This is tag2. Serialized size is 256
RSU total packet size is 357316
This is tag1. Serialized size is 172
RSU total packet size is 357544
This is tag1. Serialized size is 172
RSU total packet size is 357772
This is tag1. Serialized size is 172
RSU total packet size is 358420
This is tag6. Serialized size is 592
RSU total packet size is 358648
This is tag1. Serialized size is 172
RSU total packet size is 358876
This is tag1. Serialized size is 172
RSU total packet size is 359524
This is tag6. Serialized size is 592
RSU total packet size is 359752
This is tag1. Serialized size is 172
RSU total packet size is 360148
This is tag3. Serialized size is 340
RSU total packet size is 360376
This is tag1. Serialized size is 172
RSU total packet size is 360604
This is tag1. Serialized size is 172
RSU total packet size is 360832
This is tag1. Serialized size is 172
RSU total packet size is 361060
This is tag1. Serialized size is 172
RSU total packet size is 361288
This is tag1. Serialized size is 172
RSU total packet size is 361516
This is tag1. Serialized size is 172
RSU total packet size is 361744
This is tag1. Serialized size is 172
RSU total packet size is 362392
This is tag6. Serialized size is 592
RSU total packet size is 362704
This is tag2. Serialized size is 256
RSU total packet size is 362932
This is tag1. Serialized size is 172
RSU total packet size is 363160
This is tag1. Serialized size is 172
RSU total packet size is 363388
This is tag1. Serialized size is 172
RSU total packet size is 363616
This is tag1. Serialized size is 172
RSU total packet size is 363844
This is tag1. Serialized size is 172
RSU total packet size is 364072
This is tag1. Serialized size is 172
RSU total packet size is 364300
This is tag1. Serialized size is 172
RSU total packet size is 364528
This is tag1. Serialized size is 172
RSU total packet size is 364756
This is tag1. Serialized size is 172
RSU total packet size is 364984
This is tag1. Serialized size is 172
RSU total packet size is 365212
This is tag1. Serialized size is 172
RSU total packet size is 365440
This is tag1. Serialized size is 172
RSU total packet size is 365668
This is tag1. Serialized size is 172
RSU total packet size is 365896
This is tag1. Serialized size is 172
RSU total packet size is 366124
This is tag1. Serialized size is 172
RSU total packet size is 366352
This is tag1. Serialized size is 172
RSU total packet size is 366580
This is tag1. Serialized size is 172
RSU total packet size is 366808
This is tag1. Serialized size is 172
RSU total packet size is 367120
This is tag2. Serialized size is 256
average_latency 0.00 ms
[PDR] Channel-wise: Ch172(133.30m)=100.0% Ch174(133.3m)=100.0% Ch176(133.3m)=100.0% Ch178(282.2m)=100.0% Ch180(67.4m)=100.0% Ch182(67.4m)=100.0% Ch184(214.8m)=100.0% | Avg=100.00%
average packet delivery ratio is 100.00
average jitter is 0.00
average load balance is 100.00
written to file successfully
RSU total packet size is 367348
This is tag1. Serialized size is 172
RSU total packet size is 368080
This is tag7. Serialized size is 676
RSU total packet size is 368308
This is tag1. Serialized size is 172
RSU total packet size is 368872
This is tag5. Serialized size is 508
RSU total packet size is 369184
This is tag2. Serialized size is 256
RSU total packet size is 370168
This is tag10. Serialized size is 928
RSU total packet size is 370396
This is tag1. Serialized size is 172
RSU total packet size is 370624
This is tag1. Serialized size is 172
RSU total packet size is 370852
This is tag1. Serialized size is 172
RSU total packet size is 371416
This is tag5. Serialized size is 508
RSU total packet size is 371728
This is tag2. Serialized size is 256
RSU total packet size is 372040
This is tag2. Serialized size is 256
RSU total packet size is 372268
This is tag1. Serialized size is 172
RSU total packet size is 372496
This is tag1. Serialized size is 172
RSU total packet size is 373060
This is tag5. Serialized size is 508
RSU total packet size is 373288
This is tag1. Serialized size is 172
RSU total packet size is 373516
This is tag1. Serialized size is 172
RSU total packet size is 373744
This is tag1. Serialized size is 172
RSU total packet size is 374056
This is tag2. Serialized size is 256
RSU total packet size is 374284
This is tag1. Serialized size is 172
RSU total packet size is 374932
This is tag6. Serialized size is 592
RSU total packet size is 375160
This is tag1. Serialized size is 172
RSU total packet size is 375388
This is tag1. Serialized size is 172
RSU total packet size is 375616
This is tag1. Serialized size is 172
RSU total packet size is 375844
This is tag1. Serialized size is 172
RSU total packet size is 376072
This is tag1. Serialized size is 172
RSU total packet size is 376384
This is tag2. Serialized size is 256
RSU total packet size is 376612
This is tag1. Serialized size is 172
RSU total packet size is 376840
This is tag1. Serialized size is 172
RSU total packet size is 377068
This is tag1. Serialized size is 172
RSU total packet size is 377716
This is tag6. Serialized size is 592
RSU total packet size is 377944
This is tag1. Serialized size is 172
RSU total packet size is 378172
This is tag1. Serialized size is 172
RSU total packet size is 378820
This is tag6. Serialized size is 592
RSU total packet size is 379048
This is tag1. Serialized size is 172
RSU total packet size is 379444
This is tag3. Serialized size is 340
RSU total packet size is 379672
This is tag1. Serialized size is 172
RSU total packet size is 379900
This is tag1. Serialized size is 172
RSU total packet size is 380128
This is tag1. Serialized size is 172
RSU total packet size is 380356
This is tag1. Serialized size is 172
RSU total packet size is 380584
This is tag1. Serialized size is 172
RSU total packet size is 380812
This is tag1. Serialized size is 172
RSU total packet size is 381040
This is tag1. Serialized size is 172
RSU total packet size is 381688
This is tag6. Serialized size is 592
RSU total packet size is 382000
This is tag2. Serialized size is 256
RSU total packet size is 382228
This is tag1. Serialized size is 172
RSU total packet size is 382456
This is tag1. Serialized size is 172
RSU total packet size is 382684
This is tag1. Serialized size is 172
RSU total packet size is 382912
This is tag1. Serialized size is 172
RSU total packet size is 383140
This is tag1. Serialized size is 172
RSU total packet size is 383368
This is tag1. Serialized size is 172
RSU total packet size is 383596
This is tag1. Serialized size is 172
RSU total packet size is 383824
This is tag1. Serialized size is 172
RSU total packet size is 384052
This is tag1. Serialized size is 172
RSU total packet size is 384280
This is tag1. Serialized size is 172
RSU total packet size is 384508
This is tag1. Serialized size is 172
RSU total packet size is 384736
This is tag1. Serialized size is 172
RSU total packet size is 384964
This is tag1. Serialized size is 172
RSU total packet size is 385192
This is tag1. Serialized size is 172
RSU total packet size is 385420
This is tag1. Serialized size is 172
RSU total packet size is 385648
This is tag1. Serialized size is 172
RSU total packet size is 385876
This is tag1. Serialized size is 172
RSU total packet size is 386104
This is tag1. Serialized size is 172
RSU total packet size is 386416
This is tag2. Serialized size is 256
average_latency 0.00 ms
[PDR] Channel-wise: Ch172(133.30m)=100.0% Ch174(133.3m)=100.0% Ch176(133.3m)=100.0% Ch178(282.2m)=100.0% Ch180(67.4m)=100.0% Ch182(67.4m)=100.0% Ch184(214.8m)=100.0% | Avg=100.00%
average packet delivery ratio is 100.00
average jitter is 0.00
average load balance is 100.00
written to file successfully
RSU total packet size is 386644
This is tag1. Serialized size is 172
RSU total packet size is 387376
This is tag7. Serialized size is 676
RSU total packet size is 387604
This is tag1. Serialized size is 172
RSU total packet size is 388168
This is tag5. Serialized size is 508
RSU total packet size is 388480
This is tag2. Serialized size is 256
RSU total packet size is 389464
This is tag10. Serialized size is 928
RSU total packet size is 389692
This is tag1. Serialized size is 172
RSU total packet size is 389920
This is tag1. Serialized size is 172
RSU total packet size is 390148
This is tag1. Serialized size is 172
RSU total packet size is 390712
This is tag5. Serialized size is 508
RSU total packet size is 391024
This is tag2. Serialized size is 256
RSU total packet size is 391336
This is tag2. Serialized size is 256
RSU total packet size is 391564
This is tag1. Serialized size is 172
RSU total packet size is 391792
This is tag1. Serialized size is 172
RSU total packet size is 392356
This is tag5. Serialized size is 508
RSU total packet size is 392584
This is tag1. Serialized size is 172
RSU total packet size is 392812
This is tag1. Serialized size is 172
RSU total packet size is 393040
This is tag1. Serialized size is 172
RSU total packet size is 393352
This is tag2. Serialized size is 256
RSU total packet size is 393580
This is tag1. Serialized size is 172
RSU total packet size is 394228
This is tag6. Serialized size is 592
RSU total packet size is 394456
This is tag1. Serialized size is 172
RSU total packet size is 394684
This is tag1. Serialized size is 172
RSU total packet size is 394912
This is tag1. Serialized size is 172
RSU total packet size is 395140
This is tag1. Serialized size is 172
RSU total packet size is 395368
This is tag1. Serialized size is 172
RSU total packet size is 395680
This is tag2. Serialized size is 256
RSU total packet size is 395908
This is tag1. Serialized size is 172
RSU total packet size is 396136
This is tag1. Serialized size is 172
RSU total packet size is 396364
This is tag1. Serialized size is 172
RSU total packet size is 397012
This is tag6. Serialized size is 592
RSU total packet size is 397240
This is tag1. Serialized size is 172
RSU total packet size is 397468
This is tag1. Serialized size is 172
RSU total packet size is 398116
This is tag6. Serialized size is 592
RSU total packet size is 398344
This is tag1. Serialized size is 172
RSU total packet size is 398740
This is tag3. Serialized size is 340
RSU total packet size is 398968
This is tag1. Serialized size is 172
RSU total packet size is 399196
This is tag1. Serialized size is 172
RSU total packet size is 399424
This is tag1. Serialized size is 172
RSU total packet size is 399652
This is tag1. Serialized size is 172
RSU total packet size is 399880
This is tag1. Serialized size is 172
RSU total packet size is 400108
This is tag1. Serialized size is 172
RSU total packet size is 400336
This is tag1. Serialized size is 172
RSU total packet size is 400984
This is tag6. Serialized size is 592
RSU total packet size is 401296
This is tag2. Serialized size is 256
RSU total packet size is 401524
This is tag1. Serialized size is 172
RSU total packet size is 401752
This is tag1. Serialized size is 172
RSU total packet size is 401980
This is tag1. Serialized size is 172
RSU total packet size is 402208
This is tag1. Serialized size is 172
RSU total packet size is 402436
This is tag1. Serialized size is 172
RSU total packet size is 402664
This is tag1. Serialized size is 172
RSU total packet size is 402892
This is tag1. Serialized size is 172
RSU total packet size is 403120
This is tag1. Serialized size is 172
RSU total packet size is 403348
This is tag1. Serialized size is 172
RSU total packet size is 403576
This is tag1. Serialized size is 172
RSU total packet size is 403804
This is tag1. Serialized size is 172
RSU total packet size is 404032
This is tag1. Serialized size is 172
RSU total packet size is 404260
This is tag1. Serialized size is 172
RSU total packet size is 404488
This is tag1. Serialized size is 172
RSU total packet size is 404716
This is tag1. Serialized size is 172
RSU total packet size is 404944
This is tag1. Serialized size is 172
RSU total packet size is 405172
This is tag1. Serialized size is 172
RSU total packet size is 405400
This is tag1. Serialized size is 172
RSU total packet size is 405712
This is tag2. Serialized size is 256
average_latency 0.00 ms
[PDR] Channel-wise: Ch172(133.30m)=100.0% Ch174(133.3m)=100.0% Ch176(133.3m)=100.0% Ch178(282.2m)=100.0% Ch180(67.4m)=100.0% Ch182(67.4m)=100.0% Ch184(214.8m)=100.0% | Avg=100.00%
average packet delivery ratio is 100.00
average jitter is 0.00
average load balance is 100.00
written to file successfully
RSU total packet size is 405940
This is tag1. Serialized size is 172
RSU total packet size is 406672
This is tag7. Serialized size is 676
RSU total packet size is 406900
This is tag1. Serialized size is 172
RSU total packet size is 407464
This is tag5. Serialized size is 508
RSU total packet size is 407776
This is tag2. Serialized size is 256
RSU total packet size is 408760
This is tag10. Serialized size is 928
RSU total packet size is 408988
This is tag1. Serialized size is 172
RSU total packet size is 409216
This is tag1. Serialized size is 172
RSU total packet size is 409444
This is tag1. Serialized size is 172
RSU total packet size is 410008
This is tag5. Serialized size is 508
RSU total packet size is 410320
This is tag2. Serialized size is 256
RSU total packet size is 410632
This is tag2. Serialized size is 256
RSU total packet size is 410860
This is tag1. Serialized size is 172
RSU total packet size is 411088
This is tag1. Serialized size is 172
RSU total packet size is 411652
This is tag5. Serialized size is 508
RSU total packet size is 411880
This is tag1. Serialized size is 172
RSU total packet size is 412108
This is tag1. Serialized size is 172
RSU total packet size is 412336
This is tag1. Serialized size is 172
RSU total packet size is 412648
This is tag2. Serialized size is 256
RSU total packet size is 412876
This is tag1. Serialized size is 172
RSU total packet size is 413524
This is tag6. Serialized size is 592
RSU total packet size is 413752
This is tag1. Serialized size is 172
RSU total packet size is 413980
This is tag1. Serialized size is 172
RSU total packet size is 414208
This is tag1. Serialized size is 172
RSU total packet size is 414436
This is tag1. Serialized size is 172
RSU total packet size is 414664
This is tag1. Serialized size is 172
RSU total packet size is 414976
This is tag2. Serialized size is 256
RSU total packet size is 415204
This is tag1. Serialized size is 172
RSU total packet size is 415432
This is tag1. Serialized size is 172
RSU total packet size is 415660
This is tag1. Serialized size is 172
RSU total packet size is 416308
This is tag6. Serialized size is 592
RSU total packet size is 416536
This is tag1. Serialized size is 172
RSU total packet size is 416764
This is tag1. Serialized size is 172
RSU total packet size is 417412
This is tag6. Serialized size is 592
RSU total packet size is 417640
This is tag1. Serialized size is 172
RSU total packet size is 418036
This is tag3. Serialized size is 340
RSU total packet size is 418264
This is tag1. Serialized size is 172
RSU total packet size is 418492
This is tag1. Serialized size is 172
RSU total packet size is 418720
This is tag1. Serialized size is 172
RSU total packet size is 418948
This is tag1. Serialized size is 172
RSU total packet size is 419176
This is tag1. Serialized size is 172
RSU total packet size is 419404
This is tag1. Serialized size is 172
RSU total packet size is 419632
This is tag1. Serialized size is 172
RSU total packet size is 420280
This is tag6. Serialized size is 592
RSU total packet size is 420592
This is tag2. Serialized size is 256
RSU total packet size is 420820
This is tag1. Serialized size is 172
RSU total packet size is 421048
This is tag1. Serialized size is 172
RSU total packet size is 421276
This is tag1. Serialized size is 172
RSU total packet size is 421504
This is tag1. Serialized size is 172
RSU total packet size is 421732
This is tag1. Serialized size is 172
RSU total packet size is 421960
This is tag1. Serialized size is 172
RSU total packet size is 422188
This is tag1. Serialized size is 172
RSU total packet size is 422416
This is tag1. Serialized size is 172
RSU total packet size is 422644
This is tag1. Serialized size is 172
RSU total packet size is 422872
This is tag1. Serialized size is 172
RSU total packet size is 423100
This is tag1. Serialized size is 172
RSU total packet size is 423328
This is tag1. Serialized size is 172
RSU total packet size is 423556
This is tag1. Serialized size is 172
RSU total packet size is 423784
This is tag1. Serialized size is 172
RSU total packet size is 424012
This is tag1. Serialized size is 172
RSU total packet size is 424240
This is tag1. Serialized size is 172
RSU total packet size is 424468
This is tag1. Serialized size is 172
RSU total packet size is 424696
This is tag1. Serialized size is 172
RSU total packet size is 425008
This is tag2. Serialized size is 256
average_latency 0.00 ms
[PDR] Channel-wise: Ch172(133.30m)=100.0% Ch174(133.3m)=100.0% Ch176(133.3m)=100.0% Ch178(282.2m)=100.0% Ch180(67.4m)=100.0% Ch182(67.4m)=100.0% Ch184(214.8m)=100.0% | Avg=100.00%
average packet delivery ratio is 100.00
average jitter is 0.00
average load balance is 100.00
written to file successfully
RSU total packet size is 425236
This is tag1. Serialized size is 172
RSU total packet size is 425968
This is tag7. Serialized size is 676
RSU total packet size is 426196
This is tag1. Serialized size is 172
RSU total packet size is 426760
This is tag5. Serialized size is 508
RSU total packet size is 427072
This is tag2. Serialized size is 256
RSU total packet size is 428056
This is tag10. Serialized size is 928
RSU total packet size is 428284
This is tag1. Serialized size is 172
RSU total packet size is 428512
This is tag1. Serialized size is 172
RSU total packet size is 428740
This is tag1. Serialized size is 172
RSU total packet size is 429304
This is tag5. Serialized size is 508
RSU total packet size is 429616
This is tag2. Serialized size is 256
RSU total packet size is 429928
This is tag2. Serialized size is 256
RSU total packet size is 430156
This is tag1. Serialized size is 172
RSU total packet size is 430384
This is tag1. Serialized size is 172
RSU total packet size is 430948
This is tag5. Serialized size is 508
RSU total packet size is 431176
This is tag1. Serialized size is 172
RSU total packet size is 431404
This is tag1. Serialized size is 172
RSU total packet size is 431632
This is tag1. Serialized size is 172
RSU total packet size is 431944
This is tag2. Serialized size is 256
RSU total packet size is 432172
This is tag1. Serialized size is 172
RSU total packet size is 432820
This is tag6. Serialized size is 592
RSU total packet size is 433048
This is tag1. Serialized size is 172
RSU total packet size is 433276
This is tag1. Serialized size is 172
RSU total packet size is 433504
This is tag1. Serialized size is 172
RSU total packet size is 433732
This is tag1. Serialized size is 172
RSU total packet size is 433960
This is tag1. Serialized size is 172
RSU total packet size is 434272
This is tag2. Serialized size is 256
RSU total packet size is 434500
This is tag1. Serialized size is 172
RSU total packet size is 434728
This is tag1. Serialized size is 172
RSU total packet size is 434956
This is tag1. Serialized size is 172
RSU total packet size is 435604
This is tag6. Serialized size is 592
RSU total packet size is 435832
This is tag1. Serialized size is 172
RSU total packet size is 436060
This is tag1. Serialized size is 172
RSU total packet size is 436708
This is tag6. Serialized size is 592
RSU total packet size is 436936
This is tag1. Serialized size is 172
RSU total packet size is 437332
This is tag3. Serialized size is 340
RSU total packet size is 437560
This is tag1. Serialized size is 172
RSU total packet size is 437788
This is tag1. Serialized size is 172
RSU total packet size is 438016
This is tag1. Serialized size is 172
RSU total packet size is 438244
This is tag1. Serialized size is 172
RSU total packet size is 438472
This is tag1. Serialized size is 172
RSU total packet size is 438700
This is tag1. Serialized size is 172
RSU total packet size is 438928
This is tag1. Serialized size is 172
RSU total packet size is 439576
This is tag6. Serialized size is 592
RSU total packet size is 439888
This is tag2. Serialized size is 256
RSU total packet size is 440116
This is tag1. Serialized size is 172
RSU total packet size is 440344
This is tag1. Serialized size is 172
RSU total packet size is 440572
This is tag1. Serialized size is 172
RSU total packet size is 440800
This is tag1. Serialized size is 172
RSU total packet size is 441028
This is tag1. Serialized size is 172
RSU total packet size is 441256
This is tag1. Serialized size is 172
RSU total packet size is 441484
This is tag1. Serialized size is 172
RSU total packet size is 441712
This is tag1. Serialized size is 172
RSU total packet size is 441940
This is tag1. Serialized size is 172
RSU total packet size is 442168
This is tag1. Serialized size is 172
RSU total packet size is 442396
This is tag1. Serialized size is 172
RSU total packet size is 442624
This is tag1. Serialized size is 172
RSU total packet size is 442852
This is tag1. Serialized size is 172
RSU total packet size is 443080
This is tag1. Serialized size is 172
RSU total packet size is 443308
This is tag1. Serialized size is 172
RSU total packet size is 443536
This is tag1. Serialized size is 172
RSU total packet size is 443764
This is tag1. Serialized size is 172
RSU total packet size is 443992
This is tag1. Serialized size is 172
RSU total packet size is 444304
This is tag2. Serialized size is 256
average_latency 0.00 ms
[PDR] Channel-wise: Ch172(133.30m)=100.0% Ch174(133.3m)=100.0% Ch176(133.3m)=100.0% Ch178(282.2m)=100.0% Ch180(67.4m)=100.0% Ch182(67.4m)=100.0% Ch184(214.8m)=100.0% | Avg=100.00%
average packet delivery ratio is 100.00
average jitter is 0.00
average load balance is 100.00
written to file successfully
RSU total packet size is 444532
This is tag1. Serialized size is 172
RSU total packet size is 445264
This is tag7. Serialized size is 676
RSU total packet size is 445492
This is tag1. Serialized size is 172
RSU total packet size is 446056
This is tag5. Serialized size is 508
RSU total packet size is 446368
This is tag2. Serialized size is 256
RSU total packet size is 447352
This is tag10. Serialized size is 928
RSU total packet size is 447580
This is tag1. Serialized size is 172
RSU total packet size is 447808
This is tag1. Serialized size is 172
RSU total packet size is 448036
This is tag1. Serialized size is 172
RSU total packet size is 448600
This is tag5. Serialized size is 508
RSU total packet size is 448912
This is tag2. Serialized size is 256
RSU total packet size is 449224
This is tag2. Serialized size is 256
RSU total packet size is 449452
This is tag1. Serialized size is 172
RSU total packet size is 449680
This is tag1. Serialized size is 172
RSU total packet size is 450244
This is tag5. Serialized size is 508
RSU total packet size is 450472
This is tag1. Serialized size is 172
RSU total packet size is 450700
This is tag1. Serialized size is 172
RSU total packet size is 450928
This is tag1. Serialized size is 172
RSU total packet size is 451240
This is tag2. Serialized size is 256
RSU total packet size is 451468
This is tag1. Serialized size is 172
RSU total packet size is 452116
This is tag6. Serialized size is 592
RSU total packet size is 452344
This is tag1. Serialized size is 172
RSU total packet size is 452572
This is tag1. Serialized size is 172
RSU total packet size is 452800
This is tag1. Serialized size is 172
RSU total packet size is 453028
This is tag1. Serialized size is 172
RSU total packet size is 453256
This is tag1. Serialized size is 172
RSU total packet size is 453568
This is tag2. Serialized size is 256
RSU total packet size is 453796
This is tag1. Serialized size is 172
RSU total packet size is 454024
This is tag1. Serialized size is 172
RSU total packet size is 454252
This is tag1. Serialized size is 172
RSU total packet size is 454900
This is tag6. Serialized size is 592
RSU total packet size is 455128
This is tag1. Serialized size is 172
RSU total packet size is 455356
This is tag1. Serialized size is 172
RSU total packet size is 456004
This is tag6. Serialized size is 592
RSU total packet size is 456232
This is tag1. Serialized size is 172
RSU total packet size is 456628
This is tag3. Serialized size is 340
RSU total packet size is 456856
This is tag1. Serialized size is 172
RSU total packet size is 457084
This is tag1. Serialized size is 172
RSU total packet size is 457312
This is tag1. Serialized size is 172
RSU total packet size is 457540
This is tag1. Serialized size is 172
RSU total packet size is 457768
This is tag1. Serialized size is 172
RSU total packet size is 457996
This is tag1. Serialized size is 172
RSU total packet size is 458224
This is tag1. Serialized size is 172
RSU total packet size is 458872
This is tag6. Serialized size is 592
RSU total packet size is 459184
This is tag2. Serialized size is 256
RSU total packet size is 459412
This is tag1. Serialized size is 172
RSU total packet size is 459640
This is tag1. Serialized size is 172
RSU total packet size is 459868
This is tag1. Serialized size is 172
RSU total packet size is 460096
This is tag1. Serialized size is 172
RSU total packet size is 460324
This is tag1. Serialized size is 172
RSU total packet size is 460552
This is tag1. Serialized size is 172
RSU total packet size is 460780
This is tag1. Serialized size is 172
RSU total packet size is 461008
This is tag1. Serialized size is 172
RSU total packet size is 461236
This is tag1. Serialized size is 172
RSU total packet size is 461464
This is tag1. Serialized size is 172
RSU total packet size is 461692
This is tag1. Serialized size is 172
RSU total packet size is 461920
This is tag1. Serialized size is 172
RSU total packet size is 462148
This is tag1. Serialized size is 172
RSU total packet size is 462376
This is tag1. Serialized size is 172
RSU total packet size is 462604
This is tag1. Serialized size is 172
RSU total packet size is 462832
This is tag1. Serialized size is 172
RSU total packet size is 463060
This is tag1. Serialized size is 172
RSU total packet size is 463288
This is tag1. Serialized size is 172
RSU total packet size is 463600
This is tag2. Serialized size is 256
average_latency 0.00 ms
[PDR] Channel-wise: Ch172(133.30m)=100.0% Ch174(133.3m)=100.0% Ch176(133.3m)=100.0% Ch178(282.2m)=100.0% Ch180(67.4m)=100.0% Ch182(67.4m)=100.0% Ch184(214.8m)=100.0% | Avg=100.00%
average packet delivery ratio is 100.00
average jitter is 0.00
average load balance is 100.00
written to file successfully
RSU total packet size is 463828
This is tag1. Serialized size is 172
RSU total packet size is 464560
This is tag7. Serialized size is 676
RSU total packet size is 464788
This is tag1. Serialized size is 172
RSU total packet size is 465352
This is tag5. Serialized size is 508
RSU total packet size is 465664
This is tag2. Serialized size is 256
RSU total packet size is 466648
This is tag10. Serialized size is 928
RSU total packet size is 466876
This is tag1. Serialized size is 172
RSU total packet size is 467104
This is tag1. Serialized size is 172
RSU total packet size is 467332
This is tag1. Serialized size is 172
RSU total packet size is 467896
This is tag5. Serialized size is 508
RSU total packet size is 468208
This is tag2. Serialized size is 256
RSU total packet size is 468520
This is tag2. Serialized size is 256
RSU total packet size is 468748
This is tag1. Serialized size is 172
RSU total packet size is 468976
This is tag1. Serialized size is 172
RSU total packet size is 469540
This is tag5. Serialized size is 508
RSU total packet size is 469768
This is tag1. Serialized size is 172
RSU total packet size is 469996
This is tag1. Serialized size is 172
RSU total packet size is 470224
This is tag1. Serialized size is 172
RSU total packet size is 470536
This is tag2. Serialized size is 256
RSU total packet size is 470764
This is tag1. Serialized size is 172
RSU total packet size is 471448
Current neighbor size is 5Received neighborset from 225
This is tag6. Serialized size is 592
RSU total packet size is 471676
This is tag1. Serialized size is 172
RSU total packet size is 471904
This is tag1. Serialized size is 172
RSU total packet size is 472132
This is tag1. Serialized size is 172
RSU total packet size is 472360
This is tag1. Serialized size is 172
RSU total packet size is 472588
This is tag1. Serialized size is 172
RSU total packet size is 472900
This is tag2. Serialized size is 256
RSU total packet size is 473128
This is tag1. Serialized size is 172
RSU total packet size is 473356
This is tag1. Serialized size is 172
RSU total packet size is 473584
This is tag1. Serialized size is 172
RSU total packet size is 474232
This is tag6. Serialized size is 592
RSU total packet size is 474460
This is tag1. Serialized size is 172
RSU total packet size is 474688
This is tag1. Serialized size is 172
RSU total packet size is 475336
This is tag6. Serialized size is 592
RSU total packet size is 475564
This is tag1. Serialized size is 172
RSU total packet size is 475960
This is tag3. Serialized size is 340
RSU total packet size is 476188
This is tag1. Serialized size is 172
RSU total packet size is 476416
This is tag1. Serialized size is 172
RSU total packet size is 476644
This is tag1. Serialized size is 172
RSU total packet size is 476872
This is tag1. Serialized size is 172
RSU total packet size is 477100
This is tag1. Serialized size is 172
RSU total packet size is 477328
This is tag1. Serialized size is 172
RSU total packet size is 477556
This is tag1. Serialized size is 172
RSU total packet size is 478204
This is tag6. Serialized size is 592
RSU total packet size is 478516
This is tag2. Serialized size is 256
RSU total packet size is 478744
This is tag1. Serialized size is 172
RSU total packet size is 478972
This is tag1. Serialized size is 172
RSU total packet size is 479200
This is tag1. Serialized size is 172
RSU total packet size is 479428
This is tag1. Serialized size is 172
RSU total packet size is 479656
This is tag1. Serialized size is 172
RSU total packet size is 479884
This is tag1. Serialized size is 172
RSU total packet size is 480112
This is tag1. Serialized size is 172
RSU total packet size is 480340
This is tag1. Serialized size is 172
RSU total packet size is 480568
This is tag1. Serialized size is 172
RSU total packet size is 480796
This is tag1. Serialized size is 172
RSU total packet size is 481024
This is tag1. Serialized size is 172
RSU total packet size is 481252
This is tag1. Serialized size is 172
RSU total packet size is 481480
This is tag1. Serialized size is 172
RSU total packet size is 481708
This is tag1. Serialized size is 172
RSU total packet size is 481936
This is tag1. Serialized size is 172
RSU total packet size is 482164
This is tag1. Serialized size is 172
RSU total packet size is 482392
This is tag1. Serialized size is 172
RSU total packet size is 482620
This is tag1. Serialized size is 172
RSU total packet size is 482932
This is tag2. Serialized size is 256
average_latency 0.00 ms
[PDR] Channel-wise: Ch172(133.30m)=100.0% Ch174(133.3m)=100.0% Ch176(133.3m)=100.0% Ch178(282.2m)=100.0% Ch180(67.4m)=100.0% Ch182(67.4m)=100.0% Ch184(214.8m)=100.0% | Avg=100.00%
average packet delivery ratio is 100.00
average jitter is 0.00
average load balance is 100.00
written to file successfully
RSU total packet size is 483160
This is tag1. Serialized size is 172
RSU total packet size is 483892
This is tag7. Serialized size is 676
RSU total packet size is 484120
This is tag1. Serialized size is 172
RSU total packet size is 484684
This is tag5. Serialized size is 508
RSU total packet size is 484996
This is tag2. Serialized size is 256
RSU total packet size is 485980
This is tag10. Serialized size is 928
RSU total packet size is 486208
This is tag1. Serialized size is 172
RSU total packet size is 486436
This is tag1. Serialized size is 172
RSU total packet size is 486664
This is tag1. Serialized size is 172
RSU total packet size is 487228
This is tag5. Serialized size is 508
RSU total packet size is 487540
This is tag2. Serialized size is 256
RSU total packet size is 487852
This is tag2. Serialized size is 256
RSU total packet size is 488080
This is tag1. Serialized size is 172
RSU total packet size is 488308
This is tag1. Serialized size is 172
RSU total packet size is 488872
This is tag5. Serialized size is 508
RSU total packet size is 489100
This is tag1. Serialized size is 172
RSU total packet size is 489328
This is tag1. Serialized size is 172
RSU total packet size is 489556
This is tag1. Serialized size is 172
RSU total packet size is 489868
This is tag2. Serialized size is 256
RSU total packet size is 490096
This is tag1. Serialized size is 172
RSU total packet size is 490744
This is tag6. Serialized size is 592
RSU total packet size is 490972
This is tag1. Serialized size is 172
RSU total packet size is 491200
This is tag1. Serialized size is 172
RSU total packet size is 491428
This is tag1. Serialized size is 172
RSU total packet size is 491656
This is tag1. Serialized size is 172
RSU total packet size is 491884
This is tag1. Serialized size is 172
RSU total packet size is 492196
This is tag2. Serialized size is 256
RSU total packet size is 492424
This is tag1. Serialized size is 172
RSU total packet size is 492652
This is tag1. Serialized size is 172
RSU total packet size is 492880
This is tag1. Serialized size is 172
RSU total packet size is 493528
This is tag6. Serialized size is 592
RSU total packet size is 493756
This is tag1. Serialized size is 172
RSU total packet size is 493984
This is tag1. Serialized size is 172
RSU total packet size is 494632
This is tag6. Serialized size is 592
RSU total packet size is 494860
This is tag1. Serialized size is 172
RSU total packet size is 495256
This is tag3. Serialized size is 340
RSU total packet size is 495484
This is tag1. Serialized size is 172
RSU total packet size is 495712
This is tag1. Serialized size is 172
RSU total packet size is 495940
This is tag1. Serialized size is 172
RSU total packet size is 496168
This is tag1. Serialized size is 172
RSU total packet size is 496396
This is tag1. Serialized size is 172
RSU total packet size is 496624
This is tag1. Serialized size is 172
RSU total packet size is 496852
This is tag1. Serialized size is 172
RSU total packet size is 497500
This is tag6. Serialized size is 592
RSU total packet size is 497812
This is tag2. Serialized size is 256
RSU total packet size is 498040
This is tag1. Serialized size is 172
RSU total packet size is 498268
This is tag1. Serialized size is 172
RSU total packet size is 498496
This is tag1. Serialized size is 172
RSU total packet size is 498724
This is tag1. Serialized size is 172
RSU total packet size is 498952
This is tag1. Serialized size is 172
RSU total packet size is 499180
This is tag1. Serialized size is 172
RSU total packet size is 499408
This is tag1. Serialized size is 172
RSU total packet size is 499636
This is tag1. Serialized size is 172
RSU total packet size is 499864
This is tag1. Serialized size is 172
RSU total packet size is 500092
This is tag1. Serialized size is 172
RSU total packet size is 500320
This is tag1. Serialized size is 172
RSU total packet size is 500548
This is tag1. Serialized size is 172
RSU total packet size is 500776
This is tag1. Serialized size is 172
RSU total packet size is 501004
This is tag1. Serialized size is 172
RSU total packet size is 501232
This is tag1. Serialized size is 172
RSU total packet size is 501460
This is tag1. Serialized size is 172
RSU total packet size is 501688
This is tag1. Serialized size is 172
RSU total packet size is 501916
This is tag1. Serialized size is 172
RSU total packet size is 502228
This is tag2. Serialized size is 256
average_latency 0.00 ms
[PDR] Channel-wise: Ch172(133.30m)=100.0% Ch174(133.3m)=100.0% Ch176(133.3m)=100.0% Ch178(282.2m)=100.0% Ch180(67.4m)=100.0% Ch182(67.4m)=100.0% Ch184(214.8m)=100.0% | Avg=100.00%
average packet delivery ratio is 100.00
average jitter is 0.00
average load balance is 100.00
written to file successfully
RSU total packet size is 502456
This is tag1. Serialized size is 172
RSU total packet size is 503188
This is tag7. Serialized size is 676
RSU total packet size is 503416
This is tag1. Serialized size is 172
RSU total packet size is 503980
This is tag5. Serialized size is 508
RSU total packet size is 504292
This is tag2. Serialized size is 256
RSU total packet size is 505276
This is tag10. Serialized size is 928
RSU total packet size is 505504
This is tag1. Serialized size is 172
RSU total packet size is 505732
This is tag1. Serialized size is 172
RSU total packet size is 505960
This is tag1. Serialized size is 172
RSU total packet size is 506524
This is tag5. Serialized size is 508
RSU total packet size is 506836
This is tag2. Serialized size is 256
RSU total packet size is 507148
This is tag2. Serialized size is 256
RSU total packet size is 507376
This is tag1. Serialized size is 172
RSU total packet size is 507604
This is tag1. Serialized size is 172
RSU total packet size is 508168
This is tag5. Serialized size is 508
RSU total packet size is 508396
This is tag1. Serialized size is 172
RSU total packet size is 508624
This is tag1. Serialized size is 172
RSU total packet size is 508852
This is tag1. Serialized size is 172
RSU total packet size is 509164
This is tag2. Serialized size is 256
RSU total packet size is 509392
This is tag1. Serialized size is 172
RSU total packet size is 510040
This is tag6. Serialized size is 592
RSU total packet size is 510268
This is tag1. Serialized size is 172
RSU total packet size is 510496
This is tag1. Serialized size is 172
RSU total packet size is 510724
This is tag1. Serialized size is 172
RSU total packet size is 510952
This is tag1. Serialized size is 172
RSU total packet size is 511180
This is tag1. Serialized size is 172
RSU total packet size is 511492
This is tag2. Serialized size is 256
RSU total packet size is 511720
This is tag1. Serialized size is 172
RSU total packet size is 511948
This is tag1. Serialized size is 172
RSU total packet size is 512176
This is tag1. Serialized size is 172
RSU total packet size is 512824
This is tag6. Serialized size is 592
RSU total packet size is 513052
This is tag1. Serialized size is 172
RSU total packet size is 513280
This is tag1. Serialized size is 172
RSU total packet size is 513928
This is tag6. Serialized size is 592
RSU total packet size is 514156
This is tag1. Serialized size is 172
RSU total packet size is 514552
This is tag3. Serialized size is 340
RSU total packet size is 514780
This is tag1. Serialized size is 172
RSU total packet size is 515008
This is tag1. Serialized size is 172
RSU total packet size is 515236
This is tag1. Serialized size is 172
RSU total packet size is 515464
This is tag1. Serialized size is 172
RSU total packet size is 515692
This is tag1. Serialized size is 172
RSU total packet size is 515920
This is tag1. Serialized size is 172
RSU total packet size is 516148
This is tag1. Serialized size is 172
RSU total packet size is 516796
This is tag6. Serialized size is 592
RSU total packet size is 517108
This is tag2. Serialized size is 256
RSU total packet size is 517336
This is tag1. Serialized size is 172
RSU total packet size is 517564
This is tag1. Serialized size is 172
RSU total packet size is 517792
This is tag1. Serialized size is 172
RSU total packet size is 518020
This is tag1. Serialized size is 172
RSU total packet size is 518248
This is tag1. Serialized size is 172
RSU total packet size is 518476
This is tag1. Serialized size is 172
RSU total packet size is 518704
This is tag1. Serialized size is 172
RSU total packet size is 518932
This is tag1. Serialized size is 172
RSU total packet size is 519160
This is tag1. Serialized size is 172
RSU total packet size is 519388
This is tag1. Serialized size is 172
RSU total packet size is 519616
This is tag1. Serialized size is 172
RSU total packet size is 519844
This is tag1. Serialized size is 172
RSU total packet size is 520072
This is tag1. Serialized size is 172
RSU total packet size is 520300
This is tag1. Serialized size is 172
RSU total packet size is 520528
This is tag1. Serialized size is 172
RSU total packet size is 520756
This is tag1. Serialized size is 172
RSU total packet size is 520984
This is tag1. Serialized size is 172
RSU total packet size is 521212
This is tag1. Serialized size is 172
RSU total packet size is 521524
This is tag2. Serialized size is 256
average_latency 0.00 ms
[PDR] Channel-wise: Ch172(133.30m)=100.0% Ch174(133.3m)=100.0% Ch176(133.3m)=100.0% Ch178(282.2m)=100.0% Ch180(67.4m)=100.0% Ch182(67.4m)=100.0% Ch184(214.8m)=100.0% | Avg=100.00%
average packet delivery ratio is 100.00
average jitter is 0.00
average load balance is 100.00
written to file successfully
RSU total packet size is 521752
This is tag1. Serialized size is 172
RSU total packet size is 522484
This is tag7. Serialized size is 676
RSU total packet size is 522712
This is tag1. Serialized size is 172
RSU total packet size is 523276
This is tag5. Serialized size is 508
RSU total packet size is 523588
This is tag2. Serialized size is 256
RSU total packet size is 524572
This is tag10. Serialized size is 928
RSU total packet size is 524800
This is tag1. Serialized size is 172
RSU total packet size is 525028
This is tag1. Serialized size is 172
RSU total packet size is 525256
This is tag1. Serialized size is 172
RSU total packet size is 525820
This is tag5. Serialized size is 508
RSU total packet size is 526132
This is tag2. Serialized size is 256
RSU total packet size is 526444
This is tag2. Serialized size is 256
RSU total packet size is 526672
This is tag1. Serialized size is 172
RSU total packet size is 526900
This is tag1. Serialized size is 172
RSU total packet size is 527464
This is tag5. Serialized size is 508
RSU total packet size is 527692
This is tag1. Serialized size is 172
RSU total packet size is 527920
This is tag1. Serialized size is 172
RSU total packet size is 528148
This is tag1. Serialized size is 172
RSU total packet size is 528460
This is tag2. Serialized size is 256
RSU total packet size is 528688
This is tag1. Serialized size is 172
RSU total packet size is 529336
This is tag6. Serialized size is 592
RSU total packet size is 529564
This is tag1. Serialized size is 172
RSU total packet size is 529792
This is tag1. Serialized size is 172
RSU total packet size is 530020
This is tag1. Serialized size is 172
RSU total packet size is 530248
This is tag1. Serialized size is 172
RSU total packet size is 530476
This is tag1. Serialized size is 172
RSU total packet size is 530788
This is tag2. Serialized size is 256
RSU total packet size is 531016
This is tag1. Serialized size is 172
RSU total packet size is 531244
This is tag1. Serialized size is 172
RSU total packet size is 531472
This is tag1. Serialized size is 172
RSU total packet size is 532120
This is tag6. Serialized size is 592
RSU total packet size is 532348
This is tag1. Serialized size is 172
RSU total packet size is 532576
This is tag1. Serialized size is 172
RSU total packet size is 533224
This is tag6. Serialized size is 592
RSU total packet size is 533452
This is tag1. Serialized size is 172
RSU total packet size is 533848
This is tag3. Serialized size is 340
RSU total packet size is 534076
This is tag1. Serialized size is 172
RSU total packet size is 534304
This is tag1. Serialized size is 172
RSU total packet size is 534532
This is tag1. Serialized size is 172
RSU total packet size is 534760
This is tag1. Serialized size is 172
RSU total packet size is 534988
This is tag1. Serialized size is 172
RSU total packet size is 535216
This is tag1. Serialized size is 172
RSU total packet size is 535444
This is tag1. Serialized size is 172
RSU total packet size is 536092
This is tag6. Serialized size is 592
RSU total packet size is 536404
This is tag2. Serialized size is 256
RSU total packet size is 536632
This is tag1. Serialized size is 172
RSU total packet size is 536860
This is tag1. Serialized size is 172
RSU total packet size is 537088
This is tag1. Serialized size is 172
RSU total packet size is 537316
This is tag1. Serialized size is 172
RSU total packet size is 537544
This is tag1. Serialized size is 172
RSU total packet size is 537772
This is tag1. Serialized size is 172
RSU total packet size is 538000
This is tag1. Serialized size is 172
RSU total packet size is 538228
This is tag1. Serialized size is 172
RSU total packet size is 538456
This is tag1. Serialized size is 172
RSU total packet size is 538684
This is tag1. Serialized size is 172
RSU total packet size is 538912
This is tag1. Serialized size is 172
RSU total packet size is 539140
This is tag1. Serialized size is 172
RSU total packet size is 539368
This is tag1. Serialized size is 172
RSU total packet size is 539596
This is tag1. Serialized size is 172
RSU total packet size is 539824
This is tag1. Serialized size is 172
RSU total packet size is 540052
This is tag1. Serialized size is 172
RSU total packet size is 540280
This is tag1. Serialized size is 172
RSU total packet size is 540508
This is tag1. Serialized size is 172
RSU total packet size is 540820
This is tag2. Serialized size is 256
average_latency 0.00 ms
[PDR] Channel-wise: Ch172(133.30m)=100.0% Ch174(133.3m)=100.0% Ch176(133.3m)=100.0% Ch178(282.2m)=100.0% Ch180(67.4m)=100.0% Ch182(67.4m)=100.0% Ch184(214.8m)=100.0% | Avg=100.00%
average packet delivery ratio is 100.00
average jitter is 0.00
average load balance is 100.00
written to file successfully
RSU total packet size is 541048
This is tag1. Serialized size is 172
RSU total packet size is 541780
This is tag7. Serialized size is 676
RSU total packet size is 542008
This is tag1. Serialized size is 172
RSU total packet size is 542572
This is tag5. Serialized size is 508
RSU total packet size is 542884
This is tag2. Serialized size is 256
RSU total packet size is 543868
This is tag10. Serialized size is 928
RSU total packet size is 544096
This is tag1. Serialized size is 172
RSU total packet size is 544324
This is tag1. Serialized size is 172
RSU total packet size is 544552
This is tag1. Serialized size is 172
RSU total packet size is 545116
This is tag5. Serialized size is 508
RSU total packet size is 545428
This is tag2. Serialized size is 256
RSU total packet size is 545740
This is tag2. Serialized size is 256
RSU total packet size is 545968
This is tag1. Serialized size is 172
RSU total packet size is 546196
This is tag1. Serialized size is 172
RSU total packet size is 546760
This is tag5. Serialized size is 508
RSU total packet size is 546988
This is tag1. Serialized size is 172
RSU total packet size is 547216
This is tag1. Serialized size is 172
RSU total packet size is 547444
This is tag1. Serialized size is 172
RSU total packet size is 547756
This is tag2. Serialized size is 256
RSU total packet size is 547984
This is tag1. Serialized size is 172
RSU total packet size is 548632
This is tag6. Serialized size is 592
RSU total packet size is 548860
This is tag1. Serialized size is 172
RSU total packet size is 549088
This is tag1. Serialized size is 172
RSU total packet size is 549316
This is tag1. Serialized size is 172
RSU total packet size is 549544
This is tag1. Serialized size is 172
RSU total packet size is 549772
This is tag1. Serialized size is 172
RSU total packet size is 550084
This is tag2. Serialized size is 256
RSU total packet size is 550312
This is tag1. Serialized size is 172
RSU total packet size is 550540
This is tag1. Serialized size is 172
RSU total packet size is 550768
This is tag1. Serialized size is 172
RSU total packet size is 551416
This is tag6. Serialized size is 592
RSU total packet size is 551644
This is tag1. Serialized size is 172
RSU total packet size is 551872
This is tag1. Serialized size is 172
RSU total packet size is 552520
This is tag6. Serialized size is 592
RSU total packet size is 552748
This is tag1. Serialized size is 172
RSU total packet size is 553144
This is tag3. Serialized size is 340
RSU total packet size is 553372
This is tag1. Serialized size is 172
RSU total packet size is 553600
This is tag1. Serialized size is 172
RSU total packet size is 553828
This is tag1. Serialized size is 172
RSU total packet size is 554056
This is tag1. Serialized size is 172
RSU total packet size is 554284
This is tag1. Serialized size is 172
RSU total packet size is 554512
This is tag1. Serialized size is 172
RSU total packet size is 554740
This is tag1. Serialized size is 172
RSU total packet size is 555388
This is tag6. Serialized size is 592
RSU total packet size is 555700
This is tag2. Serialized size is 256
RSU total packet size is 555928
This is tag1. Serialized size is 172
RSU total packet size is 556156
This is tag1. Serialized size is 172
RSU total packet size is 556384
This is tag1. Serialized size is 172
RSU total packet size is 556612
This is tag1. Serialized size is 172
RSU total packet size is 556840
This is tag1. Serialized size is 172
RSU total packet size is 557068
This is tag1. Serialized size is 172
RSU total packet size is 557296
This is tag1. Serialized size is 172
RSU total packet size is 557524
This is tag1. Serialized size is 172
RSU total packet size is 557752
This is tag1. Serialized size is 172
RSU total packet size is 557980
This is tag1. Serialized size is 172
RSU total packet size is 558208
This is tag1. Serialized size is 172
RSU total packet size is 558436
This is tag1. Serialized size is 172
RSU total packet size is 558664
This is tag1. Serialized size is 172
RSU total packet size is 558892
This is tag1. Serialized size is 172
RSU total packet size is 559120
This is tag1. Serialized size is 172
RSU total packet size is 559348
This is tag1. Serialized size is 172
RSU total packet size is 559576
This is tag1. Serialized size is 172
RSU total packet size is 559804
This is tag1. Serialized size is 172
RSU total packet size is 560116
This is tag2. Serialized size is 256
average_latency 0.00 ms
[PDR] Channel-wise: Ch172(133.30m)=100.0% Ch174(133.3m)=100.0% Ch176(133.3m)=100.0% Ch178(282.2m)=100.0% Ch180(67.4m)=100.0% Ch182(67.4m)=100.0% Ch184(214.8m)=100.0% | Avg=100.00%
average packet delivery ratio is 100.00
average jitter is 0.00
average load balance is 100.00
written to file successfully
RSU total packet size is 560344
This is tag1. Serialized size is 172
RSU total packet size is 561076
This is tag7. Serialized size is 676
RSU total packet size is 561304
This is tag1. Serialized size is 172
RSU total packet size is 561868
This is tag5. Serialized size is 508
RSU total packet size is 562180
This is tag2. Serialized size is 256
RSU total packet size is 563164
This is tag10. Serialized size is 928
RSU total packet size is 563392
This is tag1. Serialized size is 172
RSU total packet size is 563620
This is tag1. Serialized size is 172
RSU total packet size is 563848
This is tag1. Serialized size is 172
RSU total packet size is 564412
This is tag5. Serialized size is 508
RSU total packet size is 564724
This is tag2. Serialized size is 256
RSU total packet size is 565036
This is tag2. Serialized size is 256
RSU total packet size is 565264
This is tag1. Serialized size is 172
RSU total packet size is 565492
This is tag1. Serialized size is 172
RSU total packet size is 566056
This is tag5. Serialized size is 508
RSU total packet size is 566284
This is tag1. Serialized size is 172
RSU total packet size is 566512
This is tag1. Serialized size is 172
RSU total packet size is 566740
This is tag1. Serialized size is 172
RSU total packet size is 567052
This is tag2. Serialized size is 256
RSU total packet size is 567280
This is tag1. Serialized size is 172
RSU total packet size is 567928
This is tag6. Serialized size is 592
RSU total packet size is 568156
This is tag1. Serialized size is 172
RSU total packet size is 568384
This is tag1. Serialized size is 172
RSU total packet size is 568612
This is tag1. Serialized size is 172
RSU total packet size is 568840
This is tag1. Serialized size is 172
RSU total packet size is 569068
This is tag1. Serialized size is 172
RSU total packet size is 569380
This is tag2. Serialized size is 256
RSU total packet size is 569608
This is tag1. Serialized size is 172
RSU total packet size is 569836
This is tag1. Serialized size is 172
RSU total packet size is 570064
This is tag1. Serialized size is 172
RSU total packet size is 570712
This is tag6. Serialized size is 592
RSU total packet size is 570940
This is tag1. Serialized size is 172
RSU total packet size is 571168
This is tag1. Serialized size is 172
RSU total packet size is 571816
This is tag6. Serialized size is 592
RSU total packet size is 572044
This is tag1. Serialized size is 172
RSU total packet size is 572440
This is tag3. Serialized size is 340
RSU total packet size is 572668
This is tag1. Serialized size is 172
RSU total packet size is 572896
This is tag1. Serialized size is 172
RSU total packet size is 573124
This is tag1. Serialized size is 172
RSU total packet size is 573352
This is tag1. Serialized size is 172
RSU total packet size is 573580
This is tag1. Serialized size is 172
RSU total packet size is 573808
This is tag1. Serialized size is 172
RSU total packet size is 574036
This is tag1. Serialized size is 172
RSU total packet size is 574684
This is tag6. Serialized size is 592
RSU total packet size is 574996
This is tag2. Serialized size is 256
RSU total packet size is 575224
This is tag1. Serialized size is 172
RSU total packet size is 575452
This is tag1. Serialized size is 172
RSU total packet size is 575680
This is tag1. Serialized size is 172
RSU total packet size is 575908
This is tag1. Serialized size is 172
RSU total packet size is 576136
This is tag1. Serialized size is 172
RSU total packet size is 576364
This is tag1. Serialized size is 172
RSU total packet size is 576592
This is tag1. Serialized size is 172
RSU total packet size is 576820
This is tag1. Serialized size is 172
RSU total packet size is 577048
This is tag1. Serialized size is 172
RSU total packet size is 577276
This is tag1. Serialized size is 172
RSU total packet size is 577504
This is tag1. Serialized size is 172
RSU total packet size is 577732
This is tag1. Serialized size is 172
RSU total packet size is 577960
This is tag1. Serialized size is 172
RSU total packet size is 578188
This is tag1. Serialized size is 172
RSU total packet size is 578416
This is tag1. Serialized size is 172
RSU total packet size is 578644
This is tag1. Serialized size is 172
RSU total packet size is 578872
This is tag1. Serialized size is 172
RSU total packet size is 579100
This is tag1. Serialized size is 172
RSU total packet size is 579412
This is tag2. Serialized size is 256
average_latency 0.00 ms
[PDR] Channel-wise: Ch172(133.30m)=100.0% Ch174(133.3m)=100.0% Ch176(133.3m)=100.0% Ch178(282.2m)=100.0% Ch180(67.4m)=100.0% Ch182(67.4m)=100.0% Ch184(214.8m)=100.0% | Avg=100.00%
average packet delivery ratio is 100.00
average jitter is 0.00
average load balance is 100.00
written to file successfully
RSU total packet size is 579640
This is tag1. Serialized size is 172
RSU total packet size is 580372
This is tag7. Serialized size is 676
RSU total packet size is 580600
This is tag1. Serialized size is 172
RSU total packet size is 581164
This is tag5. Serialized size is 508
RSU total packet size is 581476
This is tag2. Serialized size is 256
RSU total packet size is 582460
This is tag10. Serialized size is 928
RSU total packet size is 582688
This is tag1. Serialized size is 172
RSU total packet size is 582916
This is tag1. Serialized size is 172
RSU total packet size is 583144
This is tag1. Serialized size is 172
RSU total packet size is 583708
This is tag5. Serialized size is 508
RSU total packet size is 584020
This is tag2. Serialized size is 256
RSU total packet size is 584332
This is tag2. Serialized size is 256
RSU total packet size is 584560
This is tag1. Serialized size is 172
RSU total packet size is 584788
This is tag1. Serialized size is 172
RSU total packet size is 585352
This is tag5. Serialized size is 508
RSU total packet size is 585580
This is tag1. Serialized size is 172
RSU total packet size is 585808
This is tag1. Serialized size is 172
RSU total packet size is 586036
This is tag1. Serialized size is 172
RSU total packet size is 586348
This is tag2. Serialized size is 256
RSU total packet size is 586576
This is tag1. Serialized size is 172
RSU total packet size is 587224
This is tag6. Serialized size is 592
RSU total packet size is 587452
This is tag1. Serialized size is 172
RSU total packet size is 587680
This is tag1. Serialized size is 172
RSU total packet size is 587908
This is tag1. Serialized size is 172
RSU total packet size is 588136
This is tag1. Serialized size is 172
RSU total packet size is 588364
This is tag1. Serialized size is 172
RSU total packet size is 588676
This is tag2. Serialized size is 256
RSU total packet size is 588904
This is tag1. Serialized size is 172
RSU total packet size is 589132
This is tag1. Serialized size is 172
RSU total packet size is 589360
This is tag1. Serialized size is 172
RSU total packet size is 590008
This is tag6. Serialized size is 592
RSU total packet size is 590236
This is tag1. Serialized size is 172
RSU total packet size is 590464
This is tag1. Serialized size is 172
RSU total packet size is 591112
This is tag6. Serialized size is 592
RSU total packet size is 591340
This is tag1. Serialized size is 172
RSU total packet size is 591736
This is tag3. Serialized size is 340
RSU total packet size is 591964
This is tag1. Serialized size is 172
RSU total packet size is 592192
This is tag1. Serialized size is 172
RSU total packet size is 592420
This is tag1. Serialized size is 172
RSU total packet size is 592648
This is tag1. Serialized size is 172
RSU total packet size is 592876
This is tag1. Serialized size is 172
RSU total packet size is 593104
This is tag1. Serialized size is 172
RSU total packet size is 593332
This is tag1. Serialized size is 172
RSU total packet size is 593980
This is tag6. Serialized size is 592
RSU total packet size is 594292
This is tag2. Serialized size is 256
RSU total packet size is 594520
This is tag1. Serialized size is 172
RSU total packet size is 594748
This is tag1. Serialized size is 172
RSU total packet size is 594976
This is tag1. Serialized size is 172
RSU total packet size is 595204
This is tag1. Serialized size is 172
RSU total packet size is 595432
This is tag1. Serialized size is 172
RSU total packet size is 595660
This is tag1. Serialized size is 172
RSU total packet size is 595888
This is tag1. Serialized size is 172
RSU total packet size is 596116
This is tag1. Serialized size is 172
RSU total packet size is 596344
This is tag1. Serialized size is 172
RSU total packet size is 596572
This is tag1. Serialized size is 172
RSU total packet size is 596800
This is tag1. Serialized size is 172
RSU total packet size is 597028
This is tag1. Serialized size is 172
RSU total packet size is 597256
This is tag1. Serialized size is 172
RSU total packet size is 597484
This is tag1. Serialized size is 172
RSU total packet size is 597712
This is tag1. Serialized size is 172
RSU total packet size is 597940
This is tag1. Serialized size is 172
RSU total packet size is 598168
This is tag1. Serialized size is 172
RSU total packet size is 598396
This is tag1. Serialized size is 172
RSU total packet size is 598708
This is tag2. Serialized size is 256
average_latency 0.00 ms
[PDR] Channel-wise: Ch172(133.30m)=100.0% Ch174(133.3m)=100.0% Ch176(133.3m)=100.0% Ch178(282.2m)=100.0% Ch180(67.4m)=100.0% Ch182(67.4m)=100.0% Ch184(214.8m)=100.0% | Avg=100.00%
average packet delivery ratio is 100.00
average jitter is 0.00
average load balance is 100.00
written to file successfully
RSU total packet size is 598936
This is tag1. Serialized size is 172
RSU total packet size is 599668
This is tag7. Serialized size is 676
RSU total packet size is 599896
This is tag1. Serialized size is 172
RSU total packet size is 600460
This is tag5. Serialized size is 508
RSU total packet size is 600772
This is tag2. Serialized size is 256
RSU total packet size is 601756
This is tag10. Serialized size is 928
RSU total packet size is 601984
This is tag1. Serialized size is 172
RSU total packet size is 602212
This is tag1. Serialized size is 172
RSU total packet size is 602440
This is tag1. Serialized size is 172
RSU total packet size is 603004
This is tag5. Serialized size is 508
RSU total packet size is 603316
This is tag2. Serialized size is 256
RSU total packet size is 603628
This is tag2. Serialized size is 256
RSU total packet size is 603856
This is tag1. Serialized size is 172
RSU total packet size is 604084
This is tag1. Serialized size is 172
RSU total packet size is 604648
This is tag5. Serialized size is 508
RSU total packet size is 604876
This is tag1. Serialized size is 172
RSU total packet size is 605104
This is tag1. Serialized size is 172
RSU total packet size is 605332
This is tag1. Serialized size is 172
RSU total packet size is 605644
This is tag2. Serialized size is 256
RSU total packet size is 605872
This is tag1. Serialized size is 172
RSU total packet size is 606520
This is tag6. Serialized size is 592
RSU total packet size is 606748
This is tag1. Serialized size is 172
RSU total packet size is 606976
This is tag1. Serialized size is 172
RSU total packet size is 607204
This is tag1. Serialized size is 172
RSU total packet size is 607432
This is tag1. Serialized size is 172
RSU total packet size is 607660
This is tag1. Serialized size is 172
RSU total packet size is 607972
This is tag2. Serialized size is 256
RSU total packet size is 608200
This is tag1. Serialized size is 172
RSU total packet size is 608428
This is tag1. Serialized size is 172
RSU total packet size is 608656
This is tag1. Serialized size is 172
RSU total packet size is 609304
This is tag6. Serialized size is 592
RSU total packet size is 609532
This is tag1. Serialized size is 172
RSU total packet size is 609760
This is tag1. Serialized size is 172
RSU total packet size is 610408
This is tag6. Serialized size is 592
RSU total packet size is 610636
This is tag1. Serialized size is 172
RSU total packet size is 611032
This is tag3. Serialized size is 340
RSU total packet size is 611260
This is tag1. Serialized size is 172
RSU total packet size is 611488
This is tag1. Serialized size is 172
RSU total packet size is 611716
This is tag1. Serialized size is 172
RSU total packet size is 611944
This is tag1. Serialized size is 172
RSU total packet size is 612172
This is tag1. Serialized size is 172
RSU total packet size is 612400
This is tag1. Serialized size is 172
RSU total packet size is 612628
This is tag1. Serialized size is 172
RSU total packet size is 613276
This is tag6. Serialized size is 592
RSU total packet size is 613588
This is tag2. Serialized size is 256
RSU total packet size is 613816
This is tag1. Serialized size is 172
RSU total packet size is 614044
This is tag1. Serialized size is 172
RSU total packet size is 614272
This is tag1. Serialized size is 172
RSU total packet size is 614500
This is tag1. Serialized size is 172
RSU total packet size is 614728
This is tag1. Serialized size is 172
RSU total packet size is 614956
This is tag1. Serialized size is 172
RSU total packet size is 615184
This is tag1. Serialized size is 172
RSU total packet size is 615412
This is tag1. Serialized size is 172
RSU total packet size is 615640
This is tag1. Serialized size is 172
RSU total packet size is 615868
This is tag1. Serialized size is 172
RSU total packet size is 616096
This is tag1. Serialized size is 172
RSU total packet size is 616324
This is tag1. Serialized size is 172
RSU total packet size is 616552
This is tag1. Serialized size is 172
RSU total packet size is 616780
This is tag1. Serialized size is 172
RSU total packet size is 617008
This is tag1. Serialized size is 172
RSU total packet size is 617236
This is tag1. Serialized size is 172
RSU total packet size is 617464
This is tag1. Serialized size is 172
RSU total packet size is 617692
This is tag1. Serialized size is 172
RSU total packet size is 618004
This is tag2. Serialized size is 256
average_latency 0.00 ms
[PDR] Channel-wise: Ch172(133.30m)=100.0% Ch174(133.3m)=100.0% Ch176(133.3m)=100.0% Ch178(282.2m)=100.0% Ch180(67.4m)=100.0% Ch182(67.4m)=100.0% Ch184(214.8m)=100.0% | Avg=100.00%
average packet delivery ratio is 100.00
average jitter is 0.00
average load balance is 100.00
written to file successfully
RSU total packet size is 618232
This is tag1. Serialized size is 172
RSU total packet size is 618964
This is tag7. Serialized size is 676
RSU total packet size is 619192
This is tag1. Serialized size is 172
RSU total packet size is 619756
This is tag5. Serialized size is 508
RSU total packet size is 620068
This is tag2. Serialized size is 256
RSU total packet size is 621052
This is tag10. Serialized size is 928
RSU total packet size is 621280
This is tag1. Serialized size is 172
RSU total packet size is 621508
This is tag1. Serialized size is 172
RSU total packet size is 621736
This is tag1. Serialized size is 172
RSU total packet size is 622300
This is tag5. Serialized size is 508
RSU total packet size is 622612
This is tag2. Serialized size is 256
RSU total packet size is 622924
This is tag2. Serialized size is 256
RSU total packet size is 623152
This is tag1. Serialized size is 172
RSU total packet size is 623380
This is tag1. Serialized size is 172
RSU total packet size is 623944
This is tag5. Serialized size is 508
RSU total packet size is 624172
This is tag1. Serialized size is 172
RSU total packet size is 624400
This is tag1. Serialized size is 172
RSU total packet size is 624628
This is tag1. Serialized size is 172
RSU total packet size is 624940
This is tag2. Serialized size is 256
RSU total packet size is 625168
This is tag1. Serialized size is 172
RSU total packet size is 625816
This is tag6. Serialized size is 592
RSU total packet size is 626044
This is tag1. Serialized size is 172
RSU total packet size is 626272
This is tag1. Serialized size is 172
RSU total packet size is 626500
This is tag1. Serialized size is 172
RSU total packet size is 626728
This is tag1. Serialized size is 172
RSU total packet size is 626956
This is tag1. Serialized size is 172
RSU total packet size is 627268
This is tag2. Serialized size is 256
RSU total packet size is 627496
This is tag1. Serialized size is 172
RSU total packet size is 627724
This is tag1. Serialized size is 172
RSU total packet size is 627952
This is tag1. Serialized size is 172
RSU total packet size is 628600
This is tag6. Serialized size is 592
RSU total packet size is 628828
This is tag1. Serialized size is 172
RSU total packet size is 629056
This is tag1. Serialized size is 172
RSU total packet size is 629704
This is tag6. Serialized size is 592
RSU total packet size is 629932
This is tag1. Serialized size is 172
RSU total packet size is 630328
This is tag3. Serialized size is 340
RSU total packet size is 630556
This is tag1. Serialized size is 172
RSU total packet size is 630784
This is tag1. Serialized size is 172
RSU total packet size is 631012
This is tag1. Serialized size is 172
RSU total packet size is 631240
This is tag1. Serialized size is 172
RSU total packet size is 631468
This is tag1. Serialized size is 172
RSU total packet size is 631696
This is tag1. Serialized size is 172
RSU total packet size is 631924
This is tag1. Serialized size is 172
RSU total packet size is 632572
This is tag6. Serialized size is 592
RSU total packet size is 632884
This is tag2. Serialized size is 256
RSU total packet size is 633112
This is tag1. Serialized size is 172
RSU total packet size is 633340
This is tag1. Serialized size is 172
RSU total packet size is 633568
This is tag1. Serialized size is 172
RSU total packet size is 633796
This is tag1. Serialized size is 172
RSU total packet size is 634024
This is tag1. Serialized size is 172
RSU total packet size is 634252
This is tag1. Serialized size is 172
RSU total packet size is 634480
This is tag1. Serialized size is 172
RSU total packet size is 634708
This is tag1. Serialized size is 172
RSU total packet size is 634936
This is tag1. Serialized size is 172
RSU total packet size is 635164
This is tag1. Serialized size is 172
RSU total packet size is 635392
This is tag1. Serialized size is 172
RSU total packet size is 635620
This is tag1. Serialized size is 172
RSU total packet size is 635848
This is tag1. Serialized size is 172
RSU total packet size is 636076
This is tag1. Serialized size is 172
RSU total packet size is 636304
This is tag1. Serialized size is 172
RSU total packet size is 636532
This is tag1. Serialized size is 172
RSU total packet size is 636760
This is tag1. Serialized size is 172
RSU total packet size is 636988
This is tag1. Serialized size is 172
RSU total packet size is 637300
This is tag2. Serialized size is 256
average_latency 0.00 ms
[PDR] Channel-wise: Ch172(133.30m)=100.0% Ch174(133.3m)=100.0% Ch176(133.3m)=100.0% Ch178(282.2m)=100.0% Ch180(67.4m)=100.0% Ch182(67.4m)=100.0% Ch184(214.8m)=100.0% | Avg=100.00%
average packet delivery ratio is 100.00
average jitter is 0.00
average load balance is 100.00
written to file successfully
RSU total packet size is 637528
This is tag1. Serialized size is 172
RSU total packet size is 638260
This is tag7. Serialized size is 676
RSU total packet size is 638488
This is tag1. Serialized size is 172
RSU total packet size is 639052
This is tag5. Serialized size is 508
RSU total packet size is 639364
This is tag2. Serialized size is 256
RSU total packet size is 640348
This is tag10. Serialized size is 928
RSU total packet size is 640576
This is tag1. Serialized size is 172
RSU total packet size is 640804
This is tag1. Serialized size is 172
RSU total packet size is 641032
This is tag1. Serialized size is 172
RSU total packet size is 641596
This is tag5. Serialized size is 508
RSU total packet size is 641908
This is tag2. Serialized size is 256
RSU total packet size is 642220
This is tag2. Serialized size is 256
RSU total packet size is 642448
This is tag1. Serialized size is 172
RSU total packet size is 642676
This is tag1. Serialized size is 172
RSU total packet size is 643240
This is tag5. Serialized size is 508
RSU total packet size is 643468
This is tag1. Serialized size is 172
RSU total packet size is 643696
This is tag1. Serialized size is 172
RSU total packet size is 643924
This is tag1. Serialized size is 172
RSU total packet size is 644236
This is tag2. Serialized size is 256
RSU total packet size is 644464
This is tag1. Serialized size is 172
RSU total packet size is 645112
This is tag6. Serialized size is 592
RSU total packet size is 645340
This is tag1. Serialized size is 172
RSU total packet size is 645568
This is tag1. Serialized size is 172
RSU total packet size is 645796
This is tag1. Serialized size is 172
RSU total packet size is 646024
This is tag1. Serialized size is 172
RSU total packet size is 646252
This is tag1. Serialized size is 172
RSU total packet size is 646564
This is tag2. Serialized size is 256
RSU total packet size is 646792
This is tag1. Serialized size is 172
RSU total packet size is 647020
This is tag1. Serialized size is 172
RSU total packet size is 647248
This is tag1. Serialized size is 172
RSU total packet size is 647896
This is tag6. Serialized size is 592
RSU total packet size is 648124
This is tag1. Serialized size is 172
RSU total packet size is 648352
This is tag1. Serialized size is 172
RSU total packet size is 649000
This is tag6. Serialized size is 592
RSU total packet size is 649228
This is tag1. Serialized size is 172
RSU total packet size is 649624
This is tag3. Serialized size is 340
RSU total packet size is 649852
This is tag1. Serialized size is 172
RSU total packet size is 650080
This is tag1. Serialized size is 172
RSU total packet size is 650308
This is tag1. Serialized size is 172
RSU total packet size is 650536
This is tag1. Serialized size is 172
RSU total packet size is 650764
This is tag1. Serialized size is 172
RSU total packet size is 650992
This is tag1. Serialized size is 172
RSU total packet size is 651220
This is tag1. Serialized size is 172
RSU total packet size is 651868
This is tag6. Serialized size is 592
RSU total packet size is 652180
This is tag2. Serialized size is 256
RSU total packet size is 652408
This is tag1. Serialized size is 172
RSU total packet size is 652636
This is tag1. Serialized size is 172
RSU total packet size is 652864
This is tag1. Serialized size is 172
RSU total packet size is 653092
This is tag1. Serialized size is 172
RSU total packet size is 653320
This is tag1. Serialized size is 172
RSU total packet size is 653548
This is tag1. Serialized size is 172
RSU total packet size is 653776
This is tag1. Serialized size is 172
RSU total packet size is 654004
This is tag1. Serialized size is 172
RSU total packet size is 654232
This is tag1. Serialized size is 172
RSU total packet size is 654460
This is tag1. Serialized size is 172
RSU total packet size is 654688
This is tag1. Serialized size is 172
RSU total packet size is 654916
This is tag1. Serialized size is 172
RSU total packet size is 655144
This is tag1. Serialized size is 172
RSU total packet size is 655372
This is tag1. Serialized size is 172
RSU total packet size is 655600
This is tag1. Serialized size is 172
RSU total packet size is 655828
This is tag1. Serialized size is 172
RSU total packet size is 656056
This is tag1. Serialized size is 172
RSU total packet size is 656284
This is tag1. Serialized size is 172
RSU total packet size is 656596
This is tag2. Serialized size is 256
average_latency 0.00 ms
[PDR] Channel-wise: Ch172(133.30m)=100.0% Ch174(133.3m)=100.0% Ch176(133.3m)=100.0% Ch178(282.2m)=100.0% Ch180(67.4m)=100.0% Ch182(67.4m)=100.0% Ch184(214.8m)=100.0% | Avg=100.00%
average packet delivery ratio is 100.00
average jitter is 0.00
average load balance is 100.00
written to file successfully
RSU total packet size is 656824
This is tag1. Serialized size is 172
RSU total packet size is 657556
This is tag7. Serialized size is 676
RSU total packet size is 657784
This is tag1. Serialized size is 172
RSU total packet size is 658348
This is tag5. Serialized size is 508
RSU total packet size is 658660
This is tag2. Serialized size is 256
RSU total packet size is 659644
This is tag10. Serialized size is 928
RSU total packet size is 659872
This is tag1. Serialized size is 172
RSU total packet size is 660100
This is tag1. Serialized size is 172
RSU total packet size is 660328
This is tag1. Serialized size is 172
RSU total packet size is 660892
This is tag5. Serialized size is 508
RSU total packet size is 661204
This is tag2. Serialized size is 256
RSU total packet size is 661516
This is tag2. Serialized size is 256
RSU total packet size is 661744
This is tag1. Serialized size is 172
RSU total packet size is 661972
This is tag1. Serialized size is 172
RSU total packet size is 662536
This is tag5. Serialized size is 508
RSU total packet size is 662764
This is tag1. Serialized size is 172
RSU total packet size is 662992
This is tag1. Serialized size is 172
RSU total packet size is 663220
This is tag1. Serialized size is 172
RSU total packet size is 663532
This is tag2. Serialized size is 256
RSU total packet size is 663760
This is tag1. Serialized size is 172
RSU total packet size is 664408
This is tag6. Serialized size is 592
RSU total packet size is 664636
This is tag1. Serialized size is 172
RSU total packet size is 664864
This is tag1. Serialized size is 172
RSU total packet size is 665092
This is tag1. Serialized size is 172
RSU total packet size is 665320
This is tag1. Serialized size is 172
RSU total packet size is 665548
This is tag1. Serialized size is 172
RSU total packet size is 665860
This is tag2. Serialized size is 256
RSU total packet size is 666088
This is tag1. Serialized size is 172
RSU total packet size is 666316
This is tag1. Serialized size is 172
RSU total packet size is 666544
This is tag1. Serialized size is 172
RSU total packet size is 667192
This is tag6. Serialized size is 592
RSU total packet size is 667420
This is tag1. Serialized size is 172
RSU total packet size is 667648
This is tag1. Serialized size is 172
RSU total packet size is 668296
This is tag6. Serialized size is 592
RSU total packet size is 668524
This is tag1. Serialized size is 172
RSU total packet size is 668920
This is tag3. Serialized size is 340
RSU total packet size is 669148
This is tag1. Serialized size is 172
RSU total packet size is 669376
This is tag1. Serialized size is 172
RSU total packet size is 669604
This is tag1. Serialized size is 172
RSU total packet size is 669832
This is tag1. Serialized size is 172
RSU total packet size is 670060
This is tag1. Serialized size is 172
RSU total packet size is 670288
This is tag1. Serialized size is 172
RSU total packet size is 670516
This is tag1. Serialized size is 172
RSU total packet size is 671164
This is tag6. Serialized size is 592
RSU total packet size is 671476
This is tag2. Serialized size is 256
RSU total packet size is 671704
This is tag1. Serialized size is 172
RSU total packet size is 671932
This is tag1. Serialized size is 172
RSU total packet size is 672160
This is tag1. Serialized size is 172
RSU total packet size is 672388
This is tag1. Serialized size is 172
RSU total packet size is 672616
This is tag1. Serialized size is 172
RSU total packet size is 672844
This is tag1. Serialized size is 172
RSU total packet size is 673072
This is tag1. Serialized size is 172
RSU total packet size is 673300
This is tag1. Serialized size is 172
RSU total packet size is 673528
This is tag1. Serialized size is 172
RSU total packet size is 673756
This is tag1. Serialized size is 172
RSU total packet size is 673984
This is tag1. Serialized size is 172
RSU total packet size is 674212
This is tag1. Serialized size is 172
RSU total packet size is 674440
This is tag1. Serialized size is 172
RSU total packet size is 674668
This is tag1. Serialized size is 172
RSU total packet size is 674896
This is tag1. Serialized size is 172
RSU total packet size is 675124
This is tag1. Serialized size is 172
RSU total packet size is 675352
This is tag1. Serialized size is 172
RSU total packet size is 675580
This is tag1. Serialized size is 172
RSU total packet size is 675892
This is tag2. Serialized size is 256
average_latency 0.00 ms
[PDR] Channel-wise: Ch172(133.30m)=100.0% Ch174(133.3m)=100.0% Ch176(133.3m)=100.0% Ch178(282.2m)=100.0% Ch180(67.4m)=100.0% Ch182(67.4m)=100.0% Ch184(214.8m)=100.0% | Avg=100.00%
average packet delivery ratio is 100.00
average jitter is 0.00
average load balance is 100.00
written to file successfully
RSU total packet size is 676120
This is tag1. Serialized size is 172
RSU total packet size is 676852
This is tag7. Serialized size is 676
RSU total packet size is 677080
This is tag1. Serialized size is 172
RSU total packet size is 677644
This is tag5. Serialized size is 508
RSU total packet size is 677956
This is tag2. Serialized size is 256
RSU total packet size is 678940
This is tag10. Serialized size is 928
RSU total packet size is 679168
This is tag1. Serialized size is 172
RSU total packet size is 679396
This is tag1. Serialized size is 172
RSU total packet size is 679624
This is tag1. Serialized size is 172
RSU total packet size is 680188
This is tag5. Serialized size is 508
RSU total packet size is 680500
This is tag2. Serialized size is 256
RSU total packet size is 680812
This is tag2. Serialized size is 256
RSU total packet size is 681040
This is tag1. Serialized size is 172
RSU total packet size is 681268
This is tag1. Serialized size is 172
RSU total packet size is 681832
This is tag5. Serialized size is 508
RSU total packet size is 682060
This is tag1. Serialized size is 172
RSU total packet size is 682288
This is tag1. Serialized size is 172
RSU total packet size is 682516
This is tag1. Serialized size is 172
RSU total packet size is 682828
This is tag2. Serialized size is 256
RSU total packet size is 683056
This is tag1. Serialized size is 172
RSU total packet size is 683704
This is tag6. Serialized size is 592
RSU total packet size is 683932
This is tag1. Serialized size is 172
RSU total packet size is 684160
This is tag1. Serialized size is 172
RSU total packet size is 684388
This is tag1. Serialized size is 172
RSU total packet size is 684616
This is tag1. Serialized size is 172
RSU total packet size is 684844
This is tag1. Serialized size is 172
RSU total packet size is 685156
This is tag2. Serialized size is 256
RSU total packet size is 685384
This is tag1. Serialized size is 172
RSU total packet size is 685612
This is tag1. Serialized size is 172
RSU total packet size is 685840
This is tag1. Serialized size is 172
RSU total packet size is 686488
This is tag6. Serialized size is 592
RSU total packet size is 686716
This is tag1. Serialized size is 172
RSU total packet size is 686944
This is tag1. Serialized size is 172
RSU total packet size is 687592
This is tag6. Serialized size is 592
RSU total packet size is 687820
This is tag1. Serialized size is 172
RSU total packet size is 688216
This is tag3. Serialized size is 340
RSU total packet size is 688444
This is tag1. Serialized size is 172
RSU total packet size is 688672
This is tag1. Serialized size is 172
RSU total packet size is 688900
This is tag1. Serialized size is 172
RSU total packet size is 689128
This is tag1. Serialized size is 172
RSU total packet size is 689356
This is tag1. Serialized size is 172
RSU total packet size is 689584
This is tag1. Serialized size is 172
RSU total packet size is 689812
This is tag1. Serialized size is 172
RSU total packet size is 690460
This is tag6. Serialized size is 592
RSU total packet size is 690772
This is tag2. Serialized size is 256
RSU total packet size is 691000
This is tag1. Serialized size is 172
RSU total packet size is 691228
This is tag1. Serialized size is 172
RSU total packet size is 691456
This is tag1. Serialized size is 172
RSU total packet size is 691684
This is tag1. Serialized size is 172
RSU total packet size is 691912
This is tag1. Serialized size is 172
RSU total packet size is 692140
This is tag1. Serialized size is 172
RSU total packet size is 692368
This is tag1. Serialized size is 172
RSU total packet size is 692596
This is tag1. Serialized size is 172
RSU total packet size is 692824
This is tag1. Serialized size is 172
RSU total packet size is 693052
This is tag1. Serialized size is 172
RSU total packet size is 693280
This is tag1. Serialized size is 172
RSU total packet size is 693508
This is tag1. Serialized size is 172
RSU total packet size is 693736
This is tag1. Serialized size is 172
RSU total packet size is 693964
This is tag1. Serialized size is 172
RSU total packet size is 694192
This is tag1. Serialized size is 172
RSU total packet size is 694420
This is tag1. Serialized size is 172
RSU total packet size is 694648
This is tag1. Serialized size is 172
RSU total packet size is 694876
This is tag1. Serialized size is 172
RSU total packet size is 695188
This is tag2. Serialized size is 256
average_latency 0.00 ms
[PDR] Channel-wise: Ch172(133.30m)=100.0% Ch174(133.3m)=100.0% Ch176(133.3m)=100.0% Ch178(282.2m)=100.0% Ch180(67.4m)=100.0% Ch182(67.4m)=100.0% Ch184(214.8m)=100.0% | Avg=100.00%
average packet delivery ratio is 100.00
average jitter is 0.00
average load balance is 100.00
written to file successfully
RSU total packet size is 695416
This is tag1. Serialized size is 172
RSU total packet size is 696148
This is tag7. Serialized size is 676
RSU total packet size is 696376
This is tag1. Serialized size is 172
RSU total packet size is 696940
This is tag5. Serialized size is 508
RSU total packet size is 697252
This is tag2. Serialized size is 256
RSU total packet size is 698236
This is tag10. Serialized size is 928
RSU total packet size is 698464
This is tag1. Serialized size is 172
RSU total packet size is 698692
This is tag1. Serialized size is 172
RSU total packet size is 698920
This is tag1. Serialized size is 172
RSU total packet size is 699484
This is tag5. Serialized size is 508
RSU total packet size is 699796
This is tag2. Serialized size is 256
RSU total packet size is 700108
This is tag2. Serialized size is 256
RSU total packet size is 700336
This is tag1. Serialized size is 172
RSU total packet size is 700564
This is tag1. Serialized size is 172
RSU total packet size is 701128
This is tag5. Serialized size is 508
RSU total packet size is 701356
This is tag1. Serialized size is 172
RSU total packet size is 701584
This is tag1. Serialized size is 172
RSU total packet size is 701812
This is tag1. Serialized size is 172
RSU total packet size is 702124
This is tag2. Serialized size is 256
RSU total packet size is 702352
This is tag1. Serialized size is 172
RSU total packet size is 703000
This is tag6. Serialized size is 592
RSU total packet size is 703228
This is tag1. Serialized size is 172
RSU total packet size is 703456
This is tag1. Serialized size is 172
RSU total packet size is 703684
This is tag1. Serialized size is 172
RSU total packet size is 703912
This is tag1. Serialized size is 172
RSU total packet size is 704140
This is tag1. Serialized size is 172
RSU total packet size is 704452
This is tag2. Serialized size is 256
RSU total packet size is 704680
This is tag1. Serialized size is 172
RSU total packet size is 704908
This is tag1. Serialized size is 172
RSU total packet size is 705136
This is tag1. Serialized size is 172
RSU total packet size is 705784
This is tag6. Serialized size is 592
RSU total packet size is 706012
This is tag1. Serialized size is 172
RSU total packet size is 706240
This is tag1. Serialized size is 172
RSU total packet size is 706888
This is tag6. Serialized size is 592
RSU total packet size is 707116
This is tag1. Serialized size is 172
RSU total packet size is 707512
This is tag3. Serialized size is 340
RSU total packet size is 707740
This is tag1. Serialized size is 172
RSU total packet size is 707968
This is tag1. Serialized size is 172
RSU total packet size is 708196
This is tag1. Serialized size is 172
RSU total packet size is 708424
This is tag1. Serialized size is 172
RSU total packet size is 708652
This is tag1. Serialized size is 172
RSU total packet size is 708880
This is tag1. Serialized size is 172
RSU total packet size is 709108
This is tag1. Serialized size is 172
RSU total packet size is 709756
This is tag6. Serialized size is 592
RSU total packet size is 710068
This is tag2. Serialized size is 256
RSU total packet size is 710296
This is tag1. Serialized size is 172
RSU total packet size is 710524
This is tag1. Serialized size is 172
RSU total packet size is 710752
This is tag1. Serialized size is 172
RSU total packet size is 710980
This is tag1. Serialized size is 172
RSU total packet size is 711208
This is tag1. Serialized size is 172
RSU total packet size is 711436
This is tag1. Serialized size is 172
RSU total packet size is 711664
This is tag1. Serialized size is 172
RSU total packet size is 711892
This is tag1. Serialized size is 172
RSU total packet size is 712120
This is tag1. Serialized size is 172
RSU total packet size is 712348
This is tag1. Serialized size is 172
RSU total packet size is 712576
This is tag1. Serialized size is 172
RSU total packet size is 712804
This is tag1. Serialized size is 172
RSU total packet size is 713032
This is tag1. Serialized size is 172
RSU total packet size is 713260
This is tag1. Serialized size is 172
RSU total packet size is 713488
This is tag1. Serialized size is 172
RSU total packet size is 713716
This is tag1. Serialized size is 172
RSU total packet size is 713944
This is tag1. Serialized size is 172
RSU total packet size is 714172
This is tag1. Serialized size is 172
RSU total packet size is 714484
This is tag2. Serialized size is 256
average_latency 0.00 ms
[PDR] Channel-wise: Ch172(133.30m)=100.0% Ch174(133.3m)=100.0% Ch176(133.3m)=100.0% Ch178(282.2m)=100.0% Ch180(67.4m)=100.0% Ch182(67.4m)=100.0% Ch184(214.8m)=100.0% | Avg=100.00%
average packet delivery ratio is 100.00
average jitter is 0.00
average load balance is 100.00
written to file successfully
RSU total packet size is 714712
This is tag1. Serialized size is 172
RSU total packet size is 715444
This is tag7. Serialized size is 676
RSU total packet size is 715672
This is tag1. Serialized size is 172
RSU total packet size is 716236
This is tag5. Serialized size is 508
RSU total packet size is 716548
This is tag2. Serialized size is 256
RSU total packet size is 717532
This is tag10. Serialized size is 928
RSU total packet size is 717760
This is tag1. Serialized size is 172
RSU total packet size is 717988
This is tag1. Serialized size is 172
RSU total packet size is 718216
This is tag1. Serialized size is 172
RSU total packet size is 718780
This is tag5. Serialized size is 508
RSU total packet size is 719092
This is tag2. Serialized size is 256
RSU total packet size is 719404
This is tag2. Serialized size is 256
RSU total packet size is 719632
This is tag1. Serialized size is 172
RSU total packet size is 719860
This is tag1. Serialized size is 172
RSU total packet size is 720424
This is tag5. Serialized size is 508
RSU total packet size is 720652
This is tag1. Serialized size is 172
RSU total packet size is 720880
This is tag1. Serialized size is 172
RSU total packet size is 721108
This is tag1. Serialized size is 172
RSU total packet size is 721420
This is tag2. Serialized size is 256
RSU total packet size is 721648
This is tag1. Serialized size is 172
RSU total packet size is 722296
This is tag6. Serialized size is 592
RSU total packet size is 722524
This is tag1. Serialized size is 172
RSU total packet size is 722752
This is tag1. Serialized size is 172
RSU total packet size is 722980
This is tag1. Serialized size is 172
RSU total packet size is 723208
This is tag1. Serialized size is 172
RSU total packet size is 723436
This is tag1. Serialized size is 172
RSU total packet size is 723748
This is tag2. Serialized size is 256
RSU total packet size is 723976
This is tag1. Serialized size is 172
RSU total packet size is 724204
This is tag1. Serialized size is 172
RSU total packet size is 724432
This is tag1. Serialized size is 172
RSU total packet size is 725080
This is tag6. Serialized size is 592
RSU total packet size is 725308
This is tag1. Serialized size is 172
RSU total packet size is 725536
This is tag1. Serialized size is 172
RSU total packet size is 726184
This is tag6. Serialized size is 592
RSU total packet size is 726412
This is tag1. Serialized size is 172
RSU total packet size is 726808
This is tag3. Serialized size is 340
RSU total packet size is 727036
This is tag1. Serialized size is 172
RSU total packet size is 727264
This is tag1. Serialized size is 172
RSU total packet size is 727492
This is tag1. Serialized size is 172
RSU total packet size is 727720
This is tag1. Serialized size is 172
RSU total packet size is 727948
This is tag1. Serialized size is 172
RSU total packet size is 728176
This is tag1. Serialized size is 172
RSU total packet size is 728404
This is tag1. Serialized size is 172
RSU total packet size is 729052
This is tag6. Serialized size is 592
RSU total packet size is 729364
This is tag2. Serialized size is 256
RSU total packet size is 729592
This is tag1. Serialized size is 172
RSU total packet size is 729820
This is tag1. Serialized size is 172
RSU total packet size is 730048
This is tag1. Serialized size is 172
RSU total packet size is 730276
This is tag1. Serialized size is 172
RSU total packet size is 730504
This is tag1. Serialized size is 172
RSU total packet size is 730732
This is tag1. Serialized size is 172
RSU total packet size is 730960
This is tag1. Serialized size is 172
RSU total packet size is 731188
This is tag1. Serialized size is 172
RSU total packet size is 731416
This is tag1. Serialized size is 172
RSU total packet size is 731644
This is tag1. Serialized size is 172
RSU total packet size is 731872
This is tag1. Serialized size is 172
RSU total packet size is 732100
This is tag1. Serialized size is 172
RSU total packet size is 732328
This is tag1. Serialized size is 172
RSU total packet size is 732556
This is tag1. Serialized size is 172
RSU total packet size is 732784
This is tag1. Serialized size is 172
RSU total packet size is 733012
This is tag1. Serialized size is 172
RSU total packet size is 733240
This is tag1. Serialized size is 172
RSU total packet size is 733468
This is tag1. Serialized size is 172
RSU total packet size is 733780
This is tag2. Serialized size is 256
average_latency 0.00 ms
[PDR] Channel-wise: Ch172(133.30m)=100.0% Ch174(133.3m)=100.0% Ch176(133.3m)=100.0% Ch178(282.2m)=100.0% Ch180(67.4m)=100.0% Ch182(67.4m)=100.0% Ch184(214.8m)=100.0% | Avg=100.00%
average packet delivery ratio is 100.00
average jitter is 0.00
average load balance is 100.00
written to file successfully
RSU total packet size is 734008
This is tag1. Serialized size is 172
RSU total packet size is 734740
This is tag7. Serialized size is 676
RSU total packet size is 734968
This is tag1. Serialized size is 172
RSU total packet size is 735532
This is tag5. Serialized size is 508
RSU total packet size is 735844
This is tag2. Serialized size is 256
RSU total packet size is 736828
This is tag10. Serialized size is 928
RSU total packet size is 737056
This is tag1. Serialized size is 172
RSU total packet size is 737284
This is tag1. Serialized size is 172
RSU total packet size is 737512
This is tag1. Serialized size is 172
RSU total packet size is 738076
This is tag5. Serialized size is 508
RSU total packet size is 738388
This is tag2. Serialized size is 256
RSU total packet size is 738700
This is tag2. Serialized size is 256
RSU total packet size is 738928
This is tag1. Serialized size is 172
RSU total packet size is 739156
This is tag1. Serialized size is 172
RSU total packet size is 739720
This is tag5. Serialized size is 508
RSU total packet size is 739948
This is tag1. Serialized size is 172
RSU total packet size is 740176
This is tag1. Serialized size is 172
RSU total packet size is 740404
This is tag1. Serialized size is 172
RSU total packet size is 740716
This is tag2. Serialized size is 256
RSU total packet size is 740944
This is tag1. Serialized size is 172
RSU total packet size is 741592
This is tag6. Serialized size is 592
RSU total packet size is 741820
This is tag1. Serialized size is 172
RSU total packet size is 742048
This is tag1. Serialized size is 172
RSU total packet size is 742276
This is tag1. Serialized size is 172
RSU total packet size is 742504
This is tag1. Serialized size is 172
RSU total packet size is 742732
This is tag1. Serialized size is 172
RSU total packet size is 743044
This is tag2. Serialized size is 256
RSU total packet size is 743272
This is tag1. Serialized size is 172
RSU total packet size is 743500
This is tag1. Serialized size is 172
RSU total packet size is 743728
This is tag1. Serialized size is 172
RSU total packet size is 744376
This is tag6. Serialized size is 592
RSU total packet size is 744604
This is tag1. Serialized size is 172
RSU total packet size is 744832
This is tag1. Serialized size is 172
RSU total packet size is 745480
This is tag6. Serialized size is 592
RSU total packet size is 745708
This is tag1. Serialized size is 172
RSU total packet size is 746104
This is tag3. Serialized size is 340
RSU total packet size is 746332
This is tag1. Serialized size is 172
RSU total packet size is 746560
This is tag1. Serialized size is 172
RSU total packet size is 746788
This is tag1. Serialized size is 172
RSU total packet size is 747016
This is tag1. Serialized size is 172
RSU total packet size is 747244
This is tag1. Serialized size is 172
RSU total packet size is 747472
This is tag1. Serialized size is 172
RSU total packet size is 747700
This is tag1. Serialized size is 172
RSU total packet size is 748348
This is tag6. Serialized size is 592
RSU total packet size is 748660
This is tag2. Serialized size is 256
RSU total packet size is 748888
This is tag1. Serialized size is 172
RSU total packet size is 749116
This is tag1. Serialized size is 172
RSU total packet size is 749344
This is tag1. Serialized size is 172
RSU total packet size is 749572
This is tag1. Serialized size is 172
RSU total packet size is 749800
This is tag1. Serialized size is 172
RSU total packet size is 750028
This is tag1. Serialized size is 172
RSU total packet size is 750256
This is tag1. Serialized size is 172
RSU total packet size is 750484
This is tag1. Serialized size is 172
RSU total packet size is 750712
This is tag1. Serialized size is 172
RSU total packet size is 750940
This is tag1. Serialized size is 172
RSU total packet size is 751168
This is tag1. Serialized size is 172
RSU total packet size is 751396
This is tag1. Serialized size is 172
RSU total packet size is 751624
This is tag1. Serialized size is 172
RSU total packet size is 751852
This is tag1. Serialized size is 172
RSU total packet size is 752080
This is tag1. Serialized size is 172
RSU total packet size is 752308
This is tag1. Serialized size is 172
RSU total packet size is 752536
This is tag1. Serialized size is 172
RSU total packet size is 752764
This is tag1. Serialized size is 172
RSU total packet size is 753076
This is tag2. Serialized size is 256
average_latency 0.00 ms
[PDR] Channel-wise: Ch172(133.30m)=100.0% Ch174(133.3m)=100.0% Ch176(133.3m)=100.0% Ch178(282.2m)=100.0% Ch180(67.4m)=100.0% Ch182(67.4m)=100.0% Ch184(214.8m)=100.0% | Avg=100.00%
average packet delivery ratio is 100.00
average jitter is 0.00
average load balance is 100.00
written to file successfully
RSU total packet size is 753304
This is tag1. Serialized size is 172
RSU total packet size is 754036
This is tag7. Serialized size is 676
RSU total packet size is 754264
This is tag1. Serialized size is 172
RSU total packet size is 754828
This is tag5. Serialized size is 508
RSU total packet size is 755140
This is tag2. Serialized size is 256
RSU total packet size is 756124
This is tag10. Serialized size is 928
RSU total packet size is 756352
This is tag1. Serialized size is 172
RSU total packet size is 756580
This is tag1. Serialized size is 172
RSU total packet size is 756808
This is tag1. Serialized size is 172
RSU total packet size is 757372
This is tag5. Serialized size is 508
RSU total packet size is 757684
This is tag2. Serialized size is 256
RSU total packet size is 757996
This is tag2. Serialized size is 256
RSU total packet size is 758224
This is tag1. Serialized size is 172
RSU total packet size is 758452
This is tag1. Serialized size is 172
RSU total packet size is 759016
This is tag5. Serialized size is 508
RSU total packet size is 759244
This is tag1. Serialized size is 172
RSU total packet size is 759472
This is tag1. Serialized size is 172
RSU total packet size is 759700
This is tag1. Serialized size is 172
RSU total packet size is 760012
This is tag2. Serialized size is 256
RSU total packet size is 760240
This is tag1. Serialized size is 172
RSU total packet size is 760888
This is tag6. Serialized size is 592
RSU total packet size is 761116
This is tag1. Serialized size is 172
RSU total packet size is 761344
This is tag1. Serialized size is 172
RSU total packet size is 761572
This is tag1. Serialized size is 172
RSU total packet size is 761800
This is tag1. Serialized size is 172
RSU total packet size is 762028
This is tag1. Serialized size is 172
RSU total packet size is 762340
This is tag2. Serialized size is 256
RSU total packet size is 762568
This is tag1. Serialized size is 172
RSU total packet size is 762796
This is tag1. Serialized size is 172
RSU total packet size is 763024
This is tag1. Serialized size is 172
RSU total packet size is 763672
This is tag6. Serialized size is 592
RSU total packet size is 763900
This is tag1. Serialized size is 172
RSU total packet size is 764128
This is tag1. Serialized size is 172
RSU total packet size is 764776
This is tag6. Serialized size is 592
RSU total packet size is 765004
This is tag1. Serialized size is 172
RSU total packet size is 765400
This is tag3. Serialized size is 340
RSU total packet size is 765628
This is tag1. Serialized size is 172
RSU total packet size is 765856
This is tag1. Serialized size is 172
RSU total packet size is 766084
This is tag1. Serialized size is 172
RSU total packet size is 766312
This is tag1. Serialized size is 172
RSU total packet size is 766540
This is tag1. Serialized size is 172
RSU total packet size is 766768
This is tag1. Serialized size is 172
RSU total packet size is 766996
This is tag1. Serialized size is 172
RSU total packet size is 767644
This is tag6. Serialized size is 592
RSU total packet size is 767956
This is tag2. Serialized size is 256
RSU total packet size is 768184
This is tag1. Serialized size is 172
RSU total packet size is 768412
This is tag1. Serialized size is 172
RSU total packet size is 768640
This is tag1. Serialized size is 172
RSU total packet size is 768868
This is tag1. Serialized size is 172
RSU total packet size is 769096
This is tag1. Serialized size is 172
RSU total packet size is 769324
This is tag1. Serialized size is 172
RSU total packet size is 769552
This is tag1. Serialized size is 172
RSU total packet size is 769780
This is tag1. Serialized size is 172
RSU total packet size is 770008
This is tag1. Serialized size is 172
RSU total packet size is 770236
This is tag1. Serialized size is 172
RSU total packet size is 770464
This is tag1. Serialized size is 172
RSU total packet size is 770692
This is tag1. Serialized size is 172
RSU total packet size is 770920
This is tag1. Serialized size is 172
RSU total packet size is 771148
This is tag1. Serialized size is 172
RSU total packet size is 771376
This is tag1. Serialized size is 172
RSU total packet size is 771604
This is tag1. Serialized size is 172
RSU total packet size is 771832
This is tag1. Serialized size is 172
RSU total packet size is 772060
This is tag1. Serialized size is 172
RSU total packet size is 772372
This is tag2. Serialized size is 256
average_latency 0.00 ms
[PDR] Channel-wise: Ch172(133.30m)=100.0% Ch174(133.3m)=100.0% Ch176(133.3m)=100.0% Ch178(282.2m)=100.0% Ch180(67.4m)=100.0% Ch182(67.4m)=100.0% Ch184(214.8m)=100.0% | Avg=100.00%
average packet delivery ratio is 100.00
average jitter is 0.00
average load balance is 100.00
written to file successfully
RSU total packet size is 772600
This is tag1. Serialized size is 172
RSU total packet size is 773332
This is tag7. Serialized size is 676
RSU total packet size is 773560
This is tag1. Serialized size is 172
RSU total packet size is 774124
This is tag5. Serialized size is 508
RSU total packet size is 774436
This is tag2. Serialized size is 256
RSU total packet size is 775420
This is tag10. Serialized size is 928
RSU total packet size is 775648
This is tag1. Serialized size is 172
RSU total packet size is 775876
This is tag1. Serialized size is 172
RSU total packet size is 776104
This is tag1. Serialized size is 172
RSU total packet size is 776668
This is tag5. Serialized size is 508
RSU total packet size is 776980
This is tag2. Serialized size is 256
RSU total packet size is 777292
This is tag2. Serialized size is 256
RSU total packet size is 777520
This is tag1. Serialized size is 172
RSU total packet size is 777748
This is tag1. Serialized size is 172
RSU total packet size is 778312
This is tag5. Serialized size is 508
RSU total packet size is 778540
This is tag1. Serialized size is 172
RSU total packet size is 778768
This is tag1. Serialized size is 172
RSU total packet size is 778996
This is tag1. Serialized size is 172
RSU total packet size is 779308
This is tag2. Serialized size is 256
RSU total packet size is 779536
This is tag1. Serialized size is 172
RSU total packet size is 780184
This is tag6. Serialized size is 592
RSU total packet size is 780412
This is tag1. Serialized size is 172
RSU total packet size is 780640
This is tag1. Serialized size is 172
RSU total packet size is 780868
This is tag1. Serialized size is 172
RSU total packet size is 781096
This is tag1. Serialized size is 172
RSU total packet size is 781324
This is tag1. Serialized size is 172
RSU total packet size is 781636
This is tag2. Serialized size is 256
RSU total packet size is 781864
This is tag1. Serialized size is 172
RSU total packet size is 782092
This is tag1. Serialized size is 172
RSU total packet size is 782320
This is tag1. Serialized size is 172
RSU total packet size is 782968
This is tag6. Serialized size is 592
RSU total packet size is 783196
This is tag1. Serialized size is 172
RSU total packet size is 783424
This is tag1. Serialized size is 172
RSU total packet size is 784072
This is tag6. Serialized size is 592
RSU total packet size is 784300
This is tag1. Serialized size is 172
RSU total packet size is 784696
This is tag3. Serialized size is 340
RSU total packet size is 784924
This is tag1. Serialized size is 172
RSU total packet size is 785152
This is tag1. Serialized size is 172
RSU total packet size is 785380
This is tag1. Serialized size is 172
RSU total packet size is 785608
This is tag1. Serialized size is 172
RSU total packet size is 785836
This is tag1. Serialized size is 172
RSU total packet size is 786064
This is tag1. Serialized size is 172
RSU total packet size is 786292
This is tag1. Serialized size is 172
RSU total packet size is 786940
This is tag6. Serialized size is 592
RSU total packet size is 787252
This is tag2. Serialized size is 256
RSU total packet size is 787480
This is tag1. Serialized size is 172
RSU total packet size is 787708
This is tag1. Serialized size is 172
RSU total packet size is 787936
This is tag1. Serialized size is 172
RSU total packet size is 788164
This is tag1. Serialized size is 172
RSU total packet size is 788392
This is tag1. Serialized size is 172
RSU total packet size is 788620
This is tag1. Serialized size is 172
RSU total packet size is 788848
This is tag1. Serialized size is 172
RSU total packet size is 789076
This is tag1. Serialized size is 172
RSU total packet size is 789304
This is tag1. Serialized size is 172
RSU total packet size is 789532
This is tag1. Serialized size is 172
RSU total packet size is 789760
This is tag1. Serialized size is 172
RSU total packet size is 789988
This is tag1. Serialized size is 172
RSU total packet size is 790216
This is tag1. Serialized size is 172
RSU total packet size is 790444
This is tag1. Serialized size is 172
RSU total packet size is 790672
This is tag1. Serialized size is 172
RSU total packet size is 790900
This is tag1. Serialized size is 172
RSU total packet size is 791128
This is tag1. Serialized size is 172
RSU total packet size is 791356
This is tag1. Serialized size is 172
RSU total packet size is 791668
This is tag2. Serialized size is 256
average_latency 0.00 ms
[PDR] Channel-wise: Ch172(133.30m)=100.0% Ch174(133.3m)=100.0% Ch176(133.3m)=100.0% Ch178(282.2m)=100.0% Ch180(67.4m)=100.0% Ch182(67.4m)=100.0% Ch184(214.8m)=100.0% | Avg=100.00%
average packet delivery ratio is 100.00
average jitter is 0.00
average load balance is 100.00
written to file successfully
RSU total packet size is 791896
This is tag1. Serialized size is 172
RSU total packet size is 792628
This is tag7. Serialized size is 676
RSU total packet size is 792856
This is tag1. Serialized size is 172
RSU total packet size is 793420
This is tag5. Serialized size is 508
RSU total packet size is 793732
This is tag2. Serialized size is 256
RSU total packet size is 794716
This is tag10. Serialized size is 928
RSU total packet size is 794944
This is tag1. Serialized size is 172
RSU total packet size is 795172
This is tag1. Serialized size is 172
RSU total packet size is 795400
This is tag1. Serialized size is 172
RSU total packet size is 795964
This is tag5. Serialized size is 508
RSU total packet size is 796276
This is tag2. Serialized size is 256
RSU total packet size is 796588
This is tag2. Serialized size is 256
RSU total packet size is 796816
This is tag1. Serialized size is 172
RSU total packet size is 797044
This is tag1. Serialized size is 172
RSU total packet size is 797608
This is tag5. Serialized size is 508
RSU total packet size is 797836
This is tag1. Serialized size is 172
RSU total packet size is 798064
This is tag1. Serialized size is 172
RSU total packet size is 798292
This is tag1. Serialized size is 172
RSU total packet size is 798604
This is tag2. Serialized size is 256
RSU total packet size is 798832
This is tag1. Serialized size is 172
RSU total packet size is 799480
This is tag6. Serialized size is 592
RSU total packet size is 799708
This is tag1. Serialized size is 172
RSU total packet size is 799936
This is tag1. Serialized size is 172
RSU total packet size is 800164
This is tag1. Serialized size is 172
RSU total packet size is 800392
This is tag1. Serialized size is 172
RSU total packet size is 800620
This is tag1. Serialized size is 172
RSU total packet size is 800932
This is tag2. Serialized size is 256
RSU total packet size is 801160
This is tag1. Serialized size is 172
RSU total packet size is 801388
This is tag1. Serialized size is 172
RSU total packet size is 801616
This is tag1. Serialized size is 172
RSU total packet size is 802264
This is tag6. Serialized size is 592
RSU total packet size is 802492
This is tag1. Serialized size is 172
RSU total packet size is 802720
This is tag1. Serialized size is 172
RSU total packet size is 803368
This is tag6. Serialized size is 592
RSU total packet size is 803596
This is tag1. Serialized size is 172
RSU total packet size is 803992
This is tag3. Serialized size is 340
RSU total packet size is 804220
This is tag1. Serialized size is 172
RSU total packet size is 804448
This is tag1. Serialized size is 172
RSU total packet size is 804676
This is tag1. Serialized size is 172
RSU total packet size is 804904
This is tag1. Serialized size is 172
RSU total packet size is 805132
This is tag1. Serialized size is 172
RSU total packet size is 805360
This is tag1. Serialized size is 172
RSU total packet size is 805588
This is tag1. Serialized size is 172
RSU total packet size is 806236
This is tag6. Serialized size is 592
RSU total packet size is 806548
This is tag2. Serialized size is 256
RSU total packet size is 806776
This is tag1. Serialized size is 172
RSU total packet size is 807004
This is tag1. Serialized size is 172
RSU total packet size is 807232
This is tag1. Serialized size is 172
RSU total packet size is 807460
This is tag1. Serialized size is 172
RSU total packet size is 807688
This is tag1. Serialized size is 172
RSU total packet size is 807916
This is tag1. Serialized size is 172
RSU total packet size is 808144
This is tag1. Serialized size is 172
RSU total packet size is 808372
This is tag1. Serialized size is 172
RSU total packet size is 808600
This is tag1. Serialized size is 172
RSU total packet size is 808828
This is tag1. Serialized size is 172
RSU total packet size is 809056
This is tag1. Serialized size is 172
RSU total packet size is 809284
This is tag1. Serialized size is 172
RSU total packet size is 809512
This is tag1. Serialized size is 172
RSU total packet size is 809740
This is tag1. Serialized size is 172
RSU total packet size is 809968
This is tag1. Serialized size is 172
RSU total packet size is 810196
This is tag1. Serialized size is 172
RSU total packet size is 810424
This is tag1. Serialized size is 172
RSU total packet size is 810652
This is tag1. Serialized size is 172
RSU total packet size is 810964
This is tag2. Serialized size is 256
average_latency 0.00 ms
[PDR] Channel-wise: Ch172(133.30m)=100.0% Ch174(133.3m)=100.0% Ch176(133.3m)=100.0% Ch178(282.2m)=100.0% Ch180(67.4m)=100.0% Ch182(67.4m)=100.0% Ch184(214.8m)=100.0% | Avg=100.00%
average packet delivery ratio is 100.00
average jitter is 0.00
average load balance is 100.00
written to file successfully
RSU total packet size is 811192
This is tag1. Serialized size is 172
RSU total packet size is 811924
This is tag7. Serialized size is 676
RSU total packet size is 812152
This is tag1. Serialized size is 172
RSU total packet size is 812716
This is tag5. Serialized size is 508
RSU total packet size is 813028
This is tag2. Serialized size is 256
RSU total packet size is 814012
This is tag10. Serialized size is 928
RSU total packet size is 814240
This is tag1. Serialized size is 172
RSU total packet size is 814468
This is tag1. Serialized size is 172
RSU total packet size is 814696
This is tag1. Serialized size is 172
RSU total packet size is 815260
This is tag5. Serialized size is 508
RSU total packet size is 815572
This is tag2. Serialized size is 256
RSU total packet size is 815884
This is tag2. Serialized size is 256
RSU total packet size is 816112
This is tag1. Serialized size is 172
RSU total packet size is 816340
This is tag1. Serialized size is 172
RSU total packet size is 816904
This is tag5. Serialized size is 508
RSU total packet size is 817132
This is tag1. Serialized size is 172
RSU total packet size is 817360
This is tag1. Serialized size is 172
RSU total packet size is 817588
This is tag1. Serialized size is 172
RSU total packet size is 817900
This is tag2. Serialized size is 256
RSU total packet size is 818128
This is tag1. Serialized size is 172
RSU total packet size is 818776
This is tag6. Serialized size is 592
RSU total packet size is 819004
This is tag1. Serialized size is 172
RSU total packet size is 819232
This is tag1. Serialized size is 172
RSU total packet size is 819460
This is tag1. Serialized size is 172
RSU total packet size is 819688
This is tag1. Serialized size is 172
RSU total packet size is 819916
This is tag1. Serialized size is 172
RSU total packet size is 820228
This is tag2. Serialized size is 256
RSU total packet size is 820456
This is tag1. Serialized size is 172
RSU total packet size is 820684
This is tag1. Serialized size is 172
RSU total packet size is 820912
This is tag1. Serialized size is 172
RSU total packet size is 821560
This is tag6. Serialized size is 592
RSU total packet size is 821788
This is tag1. Serialized size is 172
RSU total packet size is 822016
This is tag1. Serialized size is 172
RSU total packet size is 822664
This is tag6. Serialized size is 592
RSU total packet size is 822892
This is tag1. Serialized size is 172
RSU total packet size is 823288
This is tag3. Serialized size is 340
RSU total packet size is 823516
This is tag1. Serialized size is 172
RSU total packet size is 823744
This is tag1. Serialized size is 172
RSU total packet size is 823972
This is tag1. Serialized size is 172
RSU total packet size is 824200
This is tag1. Serialized size is 172
RSU total packet size is 824428
This is tag1. Serialized size is 172
RSU total packet size is 824656
This is tag1. Serialized size is 172
RSU total packet size is 824884
This is tag1. Serialized size is 172
RSU total packet size is 825532
This is tag6. Serialized size is 592
RSU total packet size is 825844
This is tag2. Serialized size is 256
RSU total packet size is 826072
This is tag1. Serialized size is 172
RSU total packet size is 826300
This is tag1. Serialized size is 172
RSU total packet size is 826528
This is tag1. Serialized size is 172
RSU total packet size is 826756
This is tag1. Serialized size is 172
RSU total packet size is 826984
This is tag1. Serialized size is 172
RSU total packet size is 827212
This is tag1. Serialized size is 172
RSU total packet size is 827440
This is tag1. Serialized size is 172
RSU total packet size is 827668
This is tag1. Serialized size is 172
RSU total packet size is 827896
This is tag1. Serialized size is 172
RSU total packet size is 828124
This is tag1. Serialized size is 172
RSU total packet size is 828352
This is tag1. Serialized size is 172
RSU total packet size is 828580
This is tag1. Serialized size is 172
RSU total packet size is 828808
This is tag1. Serialized size is 172
RSU total packet size is 829036
This is tag1. Serialized size is 172
RSU total packet size is 829264
This is tag1. Serialized size is 172
RSU total packet size is 829492
This is tag1. Serialized size is 172
RSU total packet size is 829720
This is tag1. Serialized size is 172
RSU total packet size is 829948
This is tag1. Serialized size is 172
RSU total packet size is 830260
This is tag2. Serialized size is 256
average_latency 0.00 ms
[PDR] Channel-wise: Ch172(133.30m)=100.0% Ch174(133.3m)=100.0% Ch176(133.3m)=100.0% Ch178(282.2m)=100.0% Ch180(67.4m)=100.0% Ch182(67.4m)=100.0% Ch184(214.8m)=100.0% | Avg=100.00%
average packet delivery ratio is 100.00
average jitter is 0.00
average load balance is 100.00
written to file successfully
RSU total packet size is 830488
This is tag1. Serialized size is 172
RSU total packet size is 831220
This is tag7. Serialized size is 676
RSU total packet size is 831448
This is tag1. Serialized size is 172
RSU total packet size is 832012
This is tag5. Serialized size is 508
RSU total packet size is 832324
This is tag2. Serialized size is 256
RSU total packet size is 833308
This is tag10. Serialized size is 928
RSU total packet size is 833536
This is tag1. Serialized size is 172
RSU total packet size is 833764
This is tag1. Serialized size is 172
RSU total packet size is 833992
This is tag1. Serialized size is 172
RSU total packet size is 834556
This is tag5. Serialized size is 508
RSU total packet size is 834868
This is tag2. Serialized size is 256
RSU total packet size is 835180
This is tag2. Serialized size is 256
RSU total packet size is 835408
This is tag1. Serialized size is 172
RSU total packet size is 835636
This is tag1. Serialized size is 172
RSU total packet size is 836200
This is tag5. Serialized size is 508
RSU total packet size is 836428
This is tag1. Serialized size is 172
RSU total packet size is 836656
This is tag1. Serialized size is 172
RSU total packet size is 836884
This is tag1. Serialized size is 172
RSU total packet size is 837196
This is tag2. Serialized size is 256
RSU total packet size is 837424
This is tag1. Serialized size is 172
RSU total packet size is 838072
This is tag6. Serialized size is 592
RSU total packet size is 838300
This is tag1. Serialized size is 172
RSU total packet size is 838528
This is tag1. Serialized size is 172
RSU total packet size is 838756
This is tag1. Serialized size is 172
RSU total packet size is 838984
This is tag1. Serialized size is 172
RSU total packet size is 839212
This is tag1. Serialized size is 172
RSU total packet size is 839524
This is tag2. Serialized size is 256
RSU total packet size is 839752
This is tag1. Serialized size is 172
RSU total packet size is 839980
This is tag1. Serialized size is 172
RSU total packet size is 840208
This is tag1. Serialized size is 172
RSU total packet size is 840856
This is tag6. Serialized size is 592
RSU total packet size is 841084
This is tag1. Serialized size is 172
RSU total packet size is 841312
This is tag1. Serialized size is 172
RSU total packet size is 841960
This is tag6. Serialized size is 592
RSU total packet size is 842188
This is tag1. Serialized size is 172
RSU total packet size is 842584
This is tag3. Serialized size is 340
RSU total packet size is 842812
This is tag1. Serialized size is 172
RSU total packet size is 843040
This is tag1. Serialized size is 172
RSU total packet size is 843268
This is tag1. Serialized size is 172
RSU total packet size is 843496
This is tag1. Serialized size is 172
RSU total packet size is 843724
This is tag1. Serialized size is 172
RSU total packet size is 843952
This is tag1. Serialized size is 172
RSU total packet size is 844180
This is tag1. Serialized size is 172
RSU total packet size is 844828
This is tag6. Serialized size is 592
RSU total packet size is 845140
This is tag2. Serialized size is 256
RSU total packet size is 845368
This is tag1. Serialized size is 172
RSU total packet size is 845596
This is tag1. Serialized size is 172
RSU total packet size is 845824
This is tag1. Serialized size is 172
RSU total packet size is 846052
This is tag1. Serialized size is 172
RSU total packet size is 846280
This is tag1. Serialized size is 172
RSU total packet size is 846508
This is tag1. Serialized size is 172
RSU total packet size is 846736
This is tag1. Serialized size is 172
RSU total packet size is 846964
This is tag1. Serialized size is 172
RSU total packet size is 847192
This is tag1. Serialized size is 172
RSU total packet size is 847420
This is tag1. Serialized size is 172
RSU total packet size is 847648
This is tag1. Serialized size is 172
RSU total packet size is 847876
This is tag1. Serialized size is 172
RSU total packet size is 848104
This is tag1. Serialized size is 172
RSU total packet size is 848332
This is tag1. Serialized size is 172
RSU total packet size is 848560
This is tag1. Serialized size is 172
RSU total packet size is 848788
This is tag1. Serialized size is 172
RSU total packet size is 849016
This is tag1. Serialized size is 172
RSU total packet size is 849244
This is tag1. Serialized size is 172
RSU total packet size is 849556
This is tag2. Serialized size is 256
average_latency 0.00 ms
[PDR] Channel-wise: Ch172(133.30m)=100.0% Ch174(133.3m)=100.0% Ch176(133.3m)=100.0% Ch178(282.2m)=100.0% Ch180(67.4m)=100.0% Ch182(67.4m)=100.0% Ch184(214.8m)=100.0% | Avg=100.00%
average packet delivery ratio is 100.00
average jitter is 0.00
average load balance is 100.00
written to file successfully
RSU total packet size is 849784
This is tag1. Serialized size is 172
RSU total packet size is 850516
This is tag7. Serialized size is 676
RSU total packet size is 850744
This is tag1. Serialized size is 172
RSU total packet size is 851308
This is tag5. Serialized size is 508
RSU total packet size is 851620
This is tag2. Serialized size is 256
RSU total packet size is 852604
This is tag10. Serialized size is 928
RSU total packet size is 852832
This is tag1. Serialized size is 172
RSU total packet size is 853060
This is tag1. Serialized size is 172
RSU total packet size is 853288
This is tag1. Serialized size is 172
RSU total packet size is 853852
This is tag5. Serialized size is 508
RSU total packet size is 854164
This is tag2. Serialized size is 256
RSU total packet size is 854476
This is tag2. Serialized size is 256
RSU total packet size is 854704
This is tag1. Serialized size is 172
RSU total packet size is 854932
This is tag1. Serialized size is 172
RSU total packet size is 855496
This is tag5. Serialized size is 508
RSU total packet size is 855724
This is tag1. Serialized size is 172
RSU total packet size is 855952
This is tag1. Serialized size is 172
RSU total packet size is 856180
This is tag1. Serialized size is 172
RSU total packet size is 856492
This is tag2. Serialized size is 256
RSU total packet size is 856720
This is tag1. Serialized size is 172
RSU total packet size is 857368
This is tag6. Serialized size is 592
RSU total packet size is 857596
This is tag1. Serialized size is 172
RSU total packet size is 857824
This is tag1. Serialized size is 172
RSU total packet size is 858052
This is tag1. Serialized size is 172
RSU total packet size is 858280
This is tag1. Serialized size is 172
RSU total packet size is 858508
This is tag1. Serialized size is 172
RSU total packet size is 858820
This is tag2. Serialized size is 256
RSU total packet size is 859048
This is tag1. Serialized size is 172
RSU total packet size is 859276
This is tag1. Serialized size is 172
RSU total packet size is 859504
This is tag1. Serialized size is 172
RSU total packet size is 860152
This is tag6. Serialized size is 592
RSU total packet size is 860380
This is tag1. Serialized size is 172
RSU total packet size is 860608
This is tag1. Serialized size is 172
RSU total packet size is 861256
This is tag6. Serialized size is 592
RSU total packet size is 861484
This is tag1. Serialized size is 172
RSU total packet size is 861880
This is tag3. Serialized size is 340
RSU total packet size is 862108
This is tag1. Serialized size is 172
RSU total packet size is 862336
This is tag1. Serialized size is 172
RSU total packet size is 862564
This is tag1. Serialized size is 172
RSU total packet size is 862792
This is tag1. Serialized size is 172
RSU total packet size is 863020
This is tag1. Serialized size is 172
RSU total packet size is 863248
This is tag1. Serialized size is 172
RSU total packet size is 863476
This is tag1. Serialized size is 172
RSU total packet size is 864124
This is tag6. Serialized size is 592
RSU total packet size is 864436
This is tag2. Serialized size is 256
RSU total packet size is 864664
This is tag1. Serialized size is 172
RSU total packet size is 864892
This is tag1. Serialized size is 172
RSU total packet size is 865120
This is tag1. Serialized size is 172
RSU total packet size is 865348
This is tag1. Serialized size is 172
RSU total packet size is 865576
This is tag1. Serialized size is 172
RSU total packet size is 865804
This is tag1. Serialized size is 172
RSU total packet size is 866032
This is tag1. Serialized size is 172
RSU total packet size is 866260
This is tag1. Serialized size is 172
RSU total packet size is 866488
This is tag1. Serialized size is 172
RSU total packet size is 866716
This is tag1. Serialized size is 172
RSU total packet size is 866944
This is tag1. Serialized size is 172
RSU total packet size is 867172
This is tag1. Serialized size is 172
RSU total packet size is 867400
This is tag1. Serialized size is 172
RSU total packet size is 867628
This is tag1. Serialized size is 172
RSU total packet size is 867856
This is tag1. Serialized size is 172
RSU total packet size is 868084
This is tag1. Serialized size is 172
RSU total packet size is 868312
This is tag1. Serialized size is 172
RSU total packet size is 868540
This is tag1. Serialized size is 172
RSU total packet size is 868852
This is tag2. Serialized size is 256
average_latency 0.00 ms
[PDR] Channel-wise: Ch172(133.30m)=100.0% Ch174(133.3m)=100.0% Ch176(133.3m)=100.0% Ch178(282.2m)=100.0% Ch180(67.4m)=100.0% Ch182(67.4m)=100.0% Ch184(214.8m)=100.0% | Avg=100.00%
average packet delivery ratio is 100.00
average jitter is 0.00
average load balance is 100.00
written to file successfully
RSU total packet size is 869080
This is tag1. Serialized size is 172
RSU total packet size is 869812
This is tag7. Serialized size is 676
RSU total packet size is 870040
This is tag1. Serialized size is 172
RSU total packet size is 870604
This is tag5. Serialized size is 508
RSU total packet size is 870916
This is tag2. Serialized size is 256
RSU total packet size is 871900
This is tag10. Serialized size is 928
RSU total packet size is 872128
This is tag1. Serialized size is 172
RSU total packet size is 872356
This is tag1. Serialized size is 172
RSU total packet size is 872584
This is tag1. Serialized size is 172
RSU total packet size is 873148
This is tag5. Serialized size is 508
RSU total packet size is 873460
This is tag2. Serialized size is 256
RSU total packet size is 873772
This is tag2. Serialized size is 256
RSU total packet size is 874000
This is tag1. Serialized size is 172
RSU total packet size is 874228
This is tag1. Serialized size is 172
RSU total packet size is 874792
This is tag5. Serialized size is 508
RSU total packet size is 875020
This is tag1. Serialized size is 172
RSU total packet size is 875248
This is tag1. Serialized size is 172
RSU total packet size is 875476
This is tag1. Serialized size is 172
RSU total packet size is 875788
This is tag2. Serialized size is 256
RSU total packet size is 876016
This is tag1. Serialized size is 172
RSU total packet size is 876664
This is tag6. Serialized size is 592
RSU total packet size is 876892
This is tag1. Serialized size is 172
RSU total packet size is 877120
This is tag1. Serialized size is 172
RSU total packet size is 877348
This is tag1. Serialized size is 172
RSU total packet size is 877576
This is tag1. Serialized size is 172
RSU total packet size is 877804
This is tag1. Serialized size is 172
RSU total packet size is 878116
This is tag2. Serialized size is 256
RSU total packet size is 878344
This is tag1. Serialized size is 172
RSU total packet size is 878572
This is tag1. Serialized size is 172
RSU total packet size is 878800
This is tag1. Serialized size is 172
RSU total packet size is 879448
This is tag6. Serialized size is 592
RSU total packet size is 879676
This is tag1. Serialized size is 172
RSU total packet size is 879904
This is tag1. Serialized size is 172
RSU total packet size is 880552
This is tag6. Serialized size is 592
RSU total packet size is 880780
This is tag1. Serialized size is 172
RSU total packet size is 881176
This is tag3. Serialized size is 340
RSU total packet size is 881404
This is tag1. Serialized size is 172
RSU total packet size is 881632
This is tag1. Serialized size is 172
RSU total packet size is 881860
This is tag1. Serialized size is 172
RSU total packet size is 882088
This is tag1. Serialized size is 172
RSU total packet size is 882316
This is tag1. Serialized size is 172
RSU total packet size is 882544
This is tag1. Serialized size is 172
RSU total packet size is 882772
This is tag1. Serialized size is 172
RSU total packet size is 883420
This is tag6. Serialized size is 592
RSU total packet size is 883732
This is tag2. Serialized size is 256
RSU total packet size is 883960
This is tag1. Serialized size is 172
RSU total packet size is 884188
This is tag1. Serialized size is 172
RSU total packet size is 884416
This is tag1. Serialized size is 172
RSU total packet size is 884644
This is tag1. Serialized size is 172
RSU total packet size is 884872
This is tag1. Serialized size is 172
RSU total packet size is 885100
This is tag1. Serialized size is 172
RSU total packet size is 885328
This is tag1. Serialized size is 172
RSU total packet size is 885556
This is tag1. Serialized size is 172
RSU total packet size is 885784
This is tag1. Serialized size is 172
RSU total packet size is 886012
This is tag1. Serialized size is 172
RSU total packet size is 886240
This is tag1. Serialized size is 172
RSU total packet size is 886468
This is tag1. Serialized size is 172
RSU total packet size is 886696
This is tag1. Serialized size is 172
RSU total packet size is 886924
This is tag1. Serialized size is 172
RSU total packet size is 887152
This is tag1. Serialized size is 172
RSU total packet size is 887380
This is tag1. Serialized size is 172
RSU total packet size is 887608
This is tag1. Serialized size is 172
RSU total packet size is 887836
This is tag1. Serialized size is 172
RSU total packet size is 888148
This is tag2. Serialized size is 256
average_latency 0.00 ms
[PDR] Channel-wise: Ch172(133.30m)=100.0% Ch174(133.3m)=100.0% Ch176(133.3m)=100.0% Ch178(282.2m)=100.0% Ch180(67.4m)=100.0% Ch182(67.4m)=100.0% Ch184(214.8m)=100.0% | Avg=100.00%
average packet delivery ratio is 100.00
average jitter is 0.00
average load balance is 100.00
written to file successfully
RSU total packet size is 888376
This is tag1. Serialized size is 172
RSU total packet size is 889108
This is tag7. Serialized size is 676
RSU total packet size is 889336
This is tag1. Serialized size is 172
RSU total packet size is 889900
This is tag5. Serialized size is 508
RSU total packet size is 890212
This is tag2. Serialized size is 256
RSU total packet size is 891196
This is tag10. Serialized size is 928
RSU total packet size is 891424
This is tag1. Serialized size is 172
RSU total packet size is 891652
This is tag1. Serialized size is 172
RSU total packet size is 891880
This is tag1. Serialized size is 172
RSU total packet size is 892444
This is tag5. Serialized size is 508
RSU total packet size is 892756
This is tag2. Serialized size is 256
RSU total packet size is 893068
This is tag2. Serialized size is 256
RSU total packet size is 893296
This is tag1. Serialized size is 172
RSU total packet size is 893524
This is tag1. Serialized size is 172
RSU total packet size is 894088
This is tag5. Serialized size is 508
RSU total packet size is 894316
This is tag1. Serialized size is 172
RSU total packet size is 894544
This is tag1. Serialized size is 172
RSU total packet size is 894772
This is tag1. Serialized size is 172
RSU total packet size is 895084
This is tag2. Serialized size is 256
RSU total packet size is 895312
This is tag1. Serialized size is 172
RSU total packet size is 895960
This is tag6. Serialized size is 592
RSU total packet size is 896188
This is tag1. Serialized size is 172
RSU total packet size is 896416
This is tag1. Serialized size is 172
RSU total packet size is 896644
This is tag1. Serialized size is 172
RSU total packet size is 896872
This is tag1. Serialized size is 172
RSU total packet size is 897100
This is tag1. Serialized size is 172
RSU total packet size is 897412
This is tag2. Serialized size is 256
RSU total packet size is 897640
This is tag1. Serialized size is 172
RSU total packet size is 897868
This is tag1. Serialized size is 172
RSU total packet size is 898096
This is tag1. Serialized size is 172
RSU total packet size is 898744
This is tag6. Serialized size is 592
RSU total packet size is 898972
This is tag1. Serialized size is 172
RSU total packet size is 899200
This is tag1. Serialized size is 172
RSU total packet size is 899848
This is tag6. Serialized size is 592
RSU total packet size is 900076
This is tag1. Serialized size is 172
RSU total packet size is 900472
This is tag3. Serialized size is 340
RSU total packet size is 900700
This is tag1. Serialized size is 172
RSU total packet size is 900928
This is tag1. Serialized size is 172
RSU total packet size is 901156
This is tag1. Serialized size is 172
RSU total packet size is 901384
This is tag1. Serialized size is 172
RSU total packet size is 901612
This is tag1. Serialized size is 172
RSU total packet size is 901840
This is tag1. Serialized size is 172
RSU total packet size is 902068
This is tag1. Serialized size is 172
RSU total packet size is 902716
This is tag6. Serialized size is 592
RSU total packet size is 903028
This is tag2. Serialized size is 256
RSU total packet size is 903256
This is tag1. Serialized size is 172
RSU total packet size is 903484
This is tag1. Serialized size is 172
RSU total packet size is 903712
This is tag1. Serialized size is 172
RSU total packet size is 903940
This is tag1. Serialized size is 172
RSU total packet size is 904168
This is tag1. Serialized size is 172
RSU total packet size is 904396
This is tag1. Serialized size is 172
RSU total packet size is 904624
This is tag1. Serialized size is 172
RSU total packet size is 904852
This is tag1. Serialized size is 172
RSU total packet size is 905080
This is tag1. Serialized size is 172
RSU total packet size is 905308
This is tag1. Serialized size is 172
RSU total packet size is 905536
This is tag1. Serialized size is 172
RSU total packet size is 905764
This is tag1. Serialized size is 172
RSU total packet size is 905992
This is tag1. Serialized size is 172
RSU total packet size is 906220
This is tag1. Serialized size is 172
RSU total packet size is 906448
This is tag1. Serialized size is 172
RSU total packet size is 906676
This is tag1. Serialized size is 172
RSU total packet size is 906904
This is tag1. Serialized size is 172
RSU total packet size is 907132
This is tag1. Serialized size is 172
RSU total packet size is 907444
This is tag2. Serialized size is 256
average_latency 0.00 ms
[PDR] Channel-wise: Ch172(133.30m)=100.0% Ch174(133.3m)=100.0% Ch176(133.3m)=100.0% Ch178(282.2m)=100.0% Ch180(67.4m)=100.0% Ch182(67.4m)=100.0% Ch184(214.8m)=100.0% | Avg=100.00%
average packet delivery ratio is 100.00
average jitter is 0.00
average load balance is 100.00
written to file successfully
RSU total packet size is 907672
This is tag1. Serialized size is 172
RSU total packet size is 908404
This is tag7. Serialized size is 676
RSU total packet size is 908632
This is tag1. Serialized size is 172
RSU total packet size is 909196
This is tag5. Serialized size is 508
RSU total packet size is 909508
This is tag2. Serialized size is 256
RSU total packet size is 910492
This is tag10. Serialized size is 928
RSU total packet size is 910720
This is tag1. Serialized size is 172
RSU total packet size is 910948
This is tag1. Serialized size is 172
RSU total packet size is 911176
This is tag1. Serialized size is 172
RSU total packet size is 911740
This is tag5. Serialized size is 508
RSU total packet size is 912052
This is tag2. Serialized size is 256
RSU total packet size is 912364
This is tag2. Serialized size is 256
RSU total packet size is 912592
This is tag1. Serialized size is 172
RSU total packet size is 912820
This is tag1. Serialized size is 172
RSU total packet size is 913384
This is tag5. Serialized size is 508
RSU total packet size is 913612
This is tag1. Serialized size is 172
RSU total packet size is 913840
This is tag1. Serialized size is 172
RSU total packet size is 914068
This is tag1. Serialized size is 172
RSU total packet size is 914380
This is tag2. Serialized size is 256
RSU total packet size is 914608
This is tag1. Serialized size is 172
RSU total packet size is 915256
This is tag6. Serialized size is 592
RSU total packet size is 915484
This is tag1. Serialized size is 172
RSU total packet size is 915712
This is tag1. Serialized size is 172
RSU total packet size is 915940
This is tag1. Serialized size is 172
RSU total packet size is 916168
This is tag1. Serialized size is 172
RSU total packet size is 916396
This is tag1. Serialized size is 172
RSU total packet size is 916708
This is tag2. Serialized size is 256
RSU total packet size is 916936
This is tag1. Serialized size is 172
RSU total packet size is 917164
This is tag1. Serialized size is 172
RSU total packet size is 917392
This is tag1. Serialized size is 172
RSU total packet size is 918040
This is tag6. Serialized size is 592
RSU total packet size is 918268
This is tag1. Serialized size is 172
RSU total packet size is 918496
This is tag1. Serialized size is 172
RSU total packet size is 919144
This is tag6. Serialized size is 592
RSU total packet size is 919372
This is tag1. Serialized size is 172
RSU total packet size is 919768
This is tag3. Serialized size is 340
RSU total packet size is 919996
This is tag1. Serialized size is 172
RSU total packet size is 920224
This is tag1. Serialized size is 172
RSU total packet size is 920452
This is tag1. Serialized size is 172
RSU total packet size is 920680
This is tag1. Serialized size is 172
RSU total packet size is 920908
This is tag1. Serialized size is 172
RSU total packet size is 921136
This is tag1. Serialized size is 172
RSU total packet size is 921364
This is tag1. Serialized size is 172
RSU total packet size is 922012
This is tag6. Serialized size is 592
RSU total packet size is 922324
This is tag2. Serialized size is 256
RSU total packet size is 922552
This is tag1. Serialized size is 172
RSU total packet size is 922780
This is tag1. Serialized size is 172
RSU total packet size is 923008
This is tag1. Serialized size is 172
RSU total packet size is 923236
This is tag1. Serialized size is 172
RSU total packet size is 923464
This is tag1. Serialized size is 172
RSU total packet size is 923692
This is tag1. Serialized size is 172
RSU total packet size is 923920
This is tag1. Serialized size is 172
RSU total packet size is 924148
This is tag1. Serialized size is 172
RSU total packet size is 924376
This is tag1. Serialized size is 172
RSU total packet size is 924604
This is tag1. Serialized size is 172
RSU total packet size is 924832
This is tag1. Serialized size is 172
RSU total packet size is 925060
This is tag1. Serialized size is 172
RSU total packet size is 925288
This is tag1. Serialized size is 172
RSU total packet size is 925516
This is tag1. Serialized size is 172
RSU total packet size is 925744
This is tag1. Serialized size is 172
RSU total packet size is 925972
This is tag1. Serialized size is 172
RSU total packet size is 926200
This is tag1. Serialized size is 172
RSU total packet size is 926428
This is tag1. Serialized size is 172
RSU total packet size is 926740
This is tag2. Serialized size is 256
average_latency 0.00 ms
[PDR] Channel-wise: Ch172(133.30m)=100.0% Ch174(133.3m)=100.0% Ch176(133.3m)=100.0% Ch178(282.2m)=100.0% Ch180(67.4m)=100.0% Ch182(67.4m)=100.0% Ch184(214.8m)=100.0% | Avg=100.00%
average packet delivery ratio is 100.00
average jitter is 0.00
average load balance is 100.00
written to file successfully
RSU total packet size is 926968
This is tag1. Serialized size is 172
RSU total packet size is 927700
This is tag7. Serialized size is 676
RSU total packet size is 927928
This is tag1. Serialized size is 172
RSU total packet size is 928492
This is tag5. Serialized size is 508
RSU total packet size is 928804
This is tag2. Serialized size is 256
RSU total packet size is 929788
This is tag10. Serialized size is 928
RSU total packet size is 930016
This is tag1. Serialized size is 172
RSU total packet size is 930244
This is tag1. Serialized size is 172
RSU total packet size is 930472
This is tag1. Serialized size is 172
RSU total packet size is 931036
This is tag5. Serialized size is 508
RSU total packet size is 931348
This is tag2. Serialized size is 256
RSU total packet size is 931660
This is tag2. Serialized size is 256
RSU total packet size is 931888
This is tag1. Serialized size is 172
RSU total packet size is 932116
This is tag1. Serialized size is 172
RSU total packet size is 932680
This is tag5. Serialized size is 508
RSU total packet size is 932908
This is tag1. Serialized size is 172
RSU total packet size is 933136
This is tag1. Serialized size is 172
RSU total packet size is 933364
This is tag1. Serialized size is 172
RSU total packet size is 933676
This is tag2. Serialized size is 256
RSU total packet size is 933904
This is tag1. Serialized size is 172
RSU total packet size is 934552
This is tag6. Serialized size is 592
RSU total packet size is 934780
This is tag1. Serialized size is 172
RSU total packet size is 935008
This is tag1. Serialized size is 172
RSU total packet size is 935236
This is tag1. Serialized size is 172
RSU total packet size is 935464
This is tag1. Serialized size is 172
RSU total packet size is 935692
This is tag1. Serialized size is 172
RSU total packet size is 936004
This is tag2. Serialized size is 256
RSU total packet size is 936232
This is tag1. Serialized size is 172
RSU total packet size is 936460
This is tag1. Serialized size is 172
RSU total packet size is 936688
This is tag1. Serialized size is 172
RSU total packet size is 937336
This is tag6. Serialized size is 592
RSU total packet size is 937564
This is tag1. Serialized size is 172
RSU total packet size is 937792
This is tag1. Serialized size is 172
RSU total packet size is 938440
This is tag6. Serialized size is 592
RSU total packet size is 938668
This is tag1. Serialized size is 172
RSU total packet size is 939064
This is tag3. Serialized size is 340
RSU total packet size is 939292
This is tag1. Serialized size is 172
RSU total packet size is 939520
This is tag1. Serialized size is 172
RSU total packet size is 939748
This is tag1. Serialized size is 172
RSU total packet size is 939976
This is tag1. Serialized size is 172
RSU total packet size is 940204
This is tag1. Serialized size is 172
RSU total packet size is 940432
This is tag1. Serialized size is 172
RSU total packet size is 940660
This is tag1. Serialized size is 172
RSU total packet size is 941308
This is tag6. Serialized size is 592
RSU total packet size is 941620
This is tag2. Serialized size is 256
RSU total packet size is 941848
This is tag1. Serialized size is 172
RSU total packet size is 942076
This is tag1. Serialized size is 172
RSU total packet size is 942304
This is tag1. Serialized size is 172
RSU total packet size is 942532
This is tag1. Serialized size is 172
RSU total packet size is 942760
This is tag1. Serialized size is 172
RSU total packet size is 942988
This is tag1. Serialized size is 172
RSU total packet size is 943216
This is tag1. Serialized size is 172
RSU total packet size is 943444
This is tag1. Serialized size is 172
RSU total packet size is 943672
This is tag1. Serialized size is 172
RSU total packet size is 943900
This is tag1. Serialized size is 172
RSU total packet size is 944128
This is tag1. Serialized size is 172
RSU total packet size is 944356
This is tag1. Serialized size is 172
RSU total packet size is 944584
This is tag1. Serialized size is 172
RSU total packet size is 944812
This is tag1. Serialized size is 172
RSU total packet size is 945040
This is tag1. Serialized size is 172
RSU total packet size is 945268
This is tag1. Serialized size is 172
RSU total packet size is 945496
This is tag1. Serialized size is 172
RSU total packet size is 945724
This is tag1. Serialized size is 172
RSU total packet size is 946036
This is tag2. Serialized size is 256
average_latency 0.00 ms
[PDR] Channel-wise: Ch172(133.30m)=100.0% Ch174(133.3m)=100.0% Ch176(133.3m)=100.0% Ch178(282.2m)=100.0% Ch180(67.4m)=100.0% Ch182(67.4m)=100.0% Ch184(214.8m)=100.0% | Avg=100.00%
average packet delivery ratio is 100.00
average jitter is 0.00
average load balance is 100.00
written to file successfully
RSU total packet size is 946264
This is tag1. Serialized size is 172
RSU total packet size is 946996
This is tag7. Serialized size is 676
RSU total packet size is 947224
This is tag1. Serialized size is 172
RSU total packet size is 947788
This is tag5. Serialized size is 508
RSU total packet size is 948100
This is tag2. Serialized size is 256
RSU total packet size is 949084
This is tag10. Serialized size is 928
RSU total packet size is 949312
This is tag1. Serialized size is 172
RSU total packet size is 949540
This is tag1. Serialized size is 172
RSU total packet size is 949768
This is tag1. Serialized size is 172
RSU total packet size is 950332
This is tag5. Serialized size is 508
RSU total packet size is 950644
This is tag2. Serialized size is 256
RSU total packet size is 950956
This is tag2. Serialized size is 256
RSU total packet size is 951184
This is tag1. Serialized size is 172
RSU total packet size is 951412
This is tag1. Serialized size is 172
RSU total packet size is 951976
This is tag5. Serialized size is 508
RSU total packet size is 952204
This is tag1. Serialized size is 172
RSU total packet size is 952432
This is tag1. Serialized size is 172
RSU total packet size is 952660
This is tag1. Serialized size is 172
RSU total packet size is 952972
This is tag2. Serialized size is 256
RSU total packet size is 953200
This is tag1. Serialized size is 172
RSU total packet size is 953848
This is tag6. Serialized size is 592
RSU total packet size is 954076
This is tag1. Serialized size is 172
RSU total packet size is 954304
This is tag1. Serialized size is 172
RSU total packet size is 954532
This is tag1. Serialized size is 172
RSU total packet size is 954760
This is tag1. Serialized size is 172
RSU total packet size is 954988
This is tag1. Serialized size is 172
RSU total packet size is 955300
This is tag2. Serialized size is 256
RSU total packet size is 955528
This is tag1. Serialized size is 172
RSU total packet size is 955756
This is tag1. Serialized size is 172
RSU total packet size is 955984
This is tag1. Serialized size is 172
RSU total packet size is 956632
This is tag6. Serialized size is 592
RSU total packet size is 956860
This is tag1. Serialized size is 172
RSU total packet size is 957088
This is tag1. Serialized size is 172
RSU total packet size is 957736
This is tag6. Serialized size is 592
RSU total packet size is 957964
This is tag1. Serialized size is 172
RSU total packet size is 958360
This is tag3. Serialized size is 340
RSU total packet size is 958588
This is tag1. Serialized size is 172
RSU total packet size is 958816
This is tag1. Serialized size is 172
RSU total packet size is 959044
This is tag1. Serialized size is 172
RSU total packet size is 959272
This is tag1. Serialized size is 172
RSU total packet size is 959500
This is tag1. Serialized size is 172
RSU total packet size is 959728
This is tag1. Serialized size is 172
RSU total packet size is 959956
This is tag1. Serialized size is 172
RSU total packet size is 960604
This is tag6. Serialized size is 592
RSU total packet size is 960916
This is tag2. Serialized size is 256
RSU total packet size is 961144
This is tag1. Serialized size is 172
RSU total packet size is 961372
This is tag1. Serialized size is 172
RSU total packet size is 961600
This is tag1. Serialized size is 172
RSU total packet size is 961828
This is tag1. Serialized size is 172
RSU total packet size is 962056
This is tag1. Serialized size is 172
RSU total packet size is 962284
This is tag1. Serialized size is 172
RSU total packet size is 962512
This is tag1. Serialized size is 172
RSU total packet size is 962740
This is tag1. Serialized size is 172
RSU total packet size is 962968
This is tag1. Serialized size is 172
RSU total packet size is 963196
This is tag1. Serialized size is 172
RSU total packet size is 963424
This is tag1. Serialized size is 172
RSU total packet size is 963652
This is tag1. Serialized size is 172
RSU total packet size is 963880
This is tag1. Serialized size is 172
RSU total packet size is 964108
This is tag1. Serialized size is 172
RSU total packet size is 964336
This is tag1. Serialized size is 172
RSU total packet size is 964564
This is tag1. Serialized size is 172
RSU total packet size is 964792
This is tag1. Serialized size is 172
RSU total packet size is 965020
This is tag1. Serialized size is 172
RSU total packet size is 965332
This is tag2. Serialized size is 256
average_latency 0.00 ms
[PDR] Channel-wise: Ch172(133.30m)=100.0% Ch174(133.3m)=100.0% Ch176(133.3m)=100.0% Ch178(282.2m)=100.0% Ch180(67.4m)=100.0% Ch182(67.4m)=100.0% Ch184(214.8m)=100.0% | Avg=100.00%
average packet delivery ratio is 100.00
average jitter is 0.00
average load balance is 100.00
written to file successfully
RSU total packet size is 965560
This is tag1. Serialized size is 172
RSU total packet size is 966292
This is tag7. Serialized size is 676
RSU total packet size is 966520
This is tag1. Serialized size is 172
RSU total packet size is 967084
This is tag5. Serialized size is 508
RSU total packet size is 967396
This is tag2. Serialized size is 256
RSU total packet size is 968380
This is tag10. Serialized size is 928
RSU total packet size is 968608
This is tag1. Serialized size is 172
RSU total packet size is 968836
This is tag1. Serialized size is 172
RSU total packet size is 969064
This is tag1. Serialized size is 172
RSU total packet size is 969628
This is tag5. Serialized size is 508
RSU total packet size is 969940
This is tag2. Serialized size is 256
RSU total packet size is 970252
This is tag2. Serialized size is 256
RSU total packet size is 970480
This is tag1. Serialized size is 172
RSU total packet size is 970708
This is tag1. Serialized size is 172
RSU total packet size is 971272
This is tag5. Serialized size is 508
RSU total packet size is 971500
This is tag1. Serialized size is 172
RSU total packet size is 971728
This is tag1. Serialized size is 172
RSU total packet size is 971956
This is tag1. Serialized size is 172
RSU total packet size is 972268
This is tag2. Serialized size is 256
RSU total packet size is 972496
This is tag1. Serialized size is 172
RSU total packet size is 973144
This is tag6. Serialized size is 592
RSU total packet size is 973372
This is tag1. Serialized size is 172
RSU total packet size is 973600
This is tag1. Serialized size is 172
RSU total packet size is 973828
This is tag1. Serialized size is 172
RSU total packet size is 974056
This is tag1. Serialized size is 172
RSU total packet size is 974284
This is tag1. Serialized size is 172
RSU total packet size is 974596
This is tag2. Serialized size is 256
RSU total packet size is 974824
This is tag1. Serialized size is 172
RSU total packet size is 975052
This is tag1. Serialized size is 172
RSU total packet size is 975280
This is tag1. Serialized size is 172
RSU total packet size is 975928
This is tag6. Serialized size is 592
RSU total packet size is 976156
This is tag1. Serialized size is 172
RSU total packet size is 976384
This is tag1. Serialized size is 172
RSU total packet size is 977032
This is tag6. Serialized size is 592
RSU total packet size is 977260
This is tag1. Serialized size is 172
RSU total packet size is 977656
This is tag3. Serialized size is 340
RSU total packet size is 977884
This is tag1. Serialized size is 172
RSU total packet size is 978112
This is tag1. Serialized size is 172
RSU total packet size is 978340
This is tag1. Serialized size is 172
RSU total packet size is 978568
This is tag1. Serialized size is 172
RSU total packet size is 978796
This is tag1. Serialized size is 172
RSU total packet size is 979024
This is tag1. Serialized size is 172
RSU total packet size is 979252
This is tag1. Serialized size is 172
RSU total packet size is 979900
This is tag6. Serialized size is 592
RSU total packet size is 980212
This is tag2. Serialized size is 256
RSU total packet size is 980440
This is tag1. Serialized size is 172
RSU total packet size is 980668
This is tag1. Serialized size is 172
RSU total packet size is 980896
This is tag1. Serialized size is 172
RSU total packet size is 981124
This is tag1. Serialized size is 172
RSU total packet size is 981352
This is tag1. Serialized size is 172
RSU total packet size is 981580
This is tag1. Serialized size is 172
RSU total packet size is 981808
This is tag1. Serialized size is 172
RSU total packet size is 982036
This is tag1. Serialized size is 172
RSU total packet size is 982264
This is tag1. Serialized size is 172
RSU total packet size is 982492
This is tag1. Serialized size is 172
RSU total packet size is 982720
This is tag1. Serialized size is 172
RSU total packet size is 982948
This is tag1. Serialized size is 172
RSU total packet size is 983176
This is tag1. Serialized size is 172
RSU total packet size is 983404
This is tag1. Serialized size is 172
RSU total packet size is 983632
This is tag1. Serialized size is 172
RSU total packet size is 983860
This is tag1. Serialized size is 172
RSU total packet size is 984088
This is tag1. Serialized size is 172
RSU total packet size is 984316
This is tag1. Serialized size is 172
RSU total packet size is 984628
This is tag2. Serialized size is 256
average_latency 0.00 ms
[PDR] Channel-wise: Ch172(133.30m)=100.0% Ch174(133.3m)=100.0% Ch176(133.3m)=100.0% Ch178(282.2m)=100.0% Ch180(67.4m)=100.0% Ch182(67.4m)=100.0% Ch184(214.8m)=100.0% | Avg=100.00%
average packet delivery ratio is 100.00
average jitter is 0.00
average load balance is 100.00
written to file successfully
RSU total packet size is 984856
This is tag1. Serialized size is 172
RSU total packet size is 985588
This is tag7. Serialized size is 676
RSU total packet size is 985816
This is tag1. Serialized size is 172
RSU total packet size is 986380
This is tag5. Serialized size is 508
RSU total packet size is 986692
This is tag2. Serialized size is 256
RSU total packet size is 987676
This is tag10. Serialized size is 928
RSU total packet size is 987904
This is tag1. Serialized size is 172
RSU total packet size is 988132
This is tag1. Serialized size is 172
RSU total packet size is 988360
This is tag1. Serialized size is 172
RSU total packet size is 988924
This is tag5. Serialized size is 508
RSU total packet size is 989236
This is tag2. Serialized size is 256
RSU total packet size is 989548
This is tag2. Serialized size is 256
RSU total packet size is 989776
This is tag1. Serialized size is 172
RSU total packet size is 990004
This is tag1. Serialized size is 172
RSU total packet size is 990568
This is tag5. Serialized size is 508
RSU total packet size is 990796
This is tag1. Serialized size is 172
RSU total packet size is 991024
This is tag1. Serialized size is 172
RSU total packet size is 991252
This is tag1. Serialized size is 172
RSU total packet size is 991564
This is tag2. Serialized size is 256
RSU total packet size is 991792
This is tag1. Serialized size is 172
RSU total packet size is 992440
This is tag6. Serialized size is 592
RSU total packet size is 992668
This is tag1. Serialized size is 172
RSU total packet size is 992896
This is tag1. Serialized size is 172
RSU total packet size is 993124
This is tag1. Serialized size is 172
RSU total packet size is 993352
This is tag1. Serialized size is 172
RSU total packet size is 993580
This is tag1. Serialized size is 172
RSU total packet size is 993892
This is tag2. Serialized size is 256
RSU total packet size is 994120
This is tag1. Serialized size is 172
RSU total packet size is 994348
This is tag1. Serialized size is 172
RSU total packet size is 994576
This is tag1. Serialized size is 172
RSU total packet size is 995224
This is tag6. Serialized size is 592
RSU total packet size is 995452
This is tag1. Serialized size is 172
RSU total packet size is 995680
This is tag1. Serialized size is 172
RSU total packet size is 996328
This is tag6. Serialized size is 592
RSU total packet size is 996556
This is tag1. Serialized size is 172
RSU total packet size is 996952
This is tag3. Serialized size is 340
RSU total packet size is 997180
This is tag1. Serialized size is 172
RSU total packet size is 997408
This is tag1. Serialized size is 172
RSU total packet size is 997636
This is tag1. Serialized size is 172
RSU total packet size is 997864
This is tag1. Serialized size is 172
RSU total packet size is 998092
This is tag1. Serialized size is 172
RSU total packet size is 998320
This is tag1. Serialized size is 172
RSU total packet size is 998548
This is tag1. Serialized size is 172
RSU total packet size is 999196
This is tag6. Serialized size is 592
RSU total packet size is 999508
This is tag2. Serialized size is 256
RSU total packet size is 999736
This is tag1. Serialized size is 172
RSU total packet size is 999964
This is tag1. Serialized size is 172
RSU total packet size is 1000192
This is tag1. Serialized size is 172
RSU total packet size is 1000420
This is tag1. Serialized size is 172
RSU total packet size is 1000648
This is tag1. Serialized size is 172
RSU total packet size is 1000876
This is tag1. Serialized size is 172
RSU total packet size is 1001104
This is tag1. Serialized size is 172
RSU total packet size is 1001332
This is tag1. Serialized size is 172
RSU total packet size is 1001560
This is tag1. Serialized size is 172
RSU total packet size is 1001788
This is tag1. Serialized size is 172
RSU total packet size is 1002016
This is tag1. Serialized size is 172
RSU total packet size is 1002244
This is tag1. Serialized size is 172
RSU total packet size is 1002472
This is tag1. Serialized size is 172
RSU total packet size is 1002700
This is tag1. Serialized size is 172
RSU total packet size is 1002928
This is tag1. Serialized size is 172
RSU total packet size is 1003156
This is tag1. Serialized size is 172
RSU total packet size is 1003384
This is tag1. Serialized size is 172
RSU total packet size is 1003612
This is tag1. Serialized size is 172
RSU total packet size is 1003924
This is tag2. Serialized size is 256
average_latency 0.00 ms
[PDR] Channel-wise: Ch172(133.30m)=100.0% Ch174(133.3m)=100.0% Ch176(133.3m)=100.0% Ch178(282.2m)=100.0% Ch180(67.4m)=100.0% Ch182(67.4m)=100.0% Ch184(214.8m)=100.0% | Avg=100.00%
average packet delivery ratio is 100.00
average jitter is 0.00
average load balance is 100.00
written to file successfully
RSU total packet size is 1004152
This is tag1. Serialized size is 172
RSU total packet size is 1004884
This is tag7. Serialized size is 676
RSU total packet size is 1005112
This is tag1. Serialized size is 172
RSU total packet size is 1005676
This is tag5. Serialized size is 508
RSU total packet size is 1005988
This is tag2. Serialized size is 256
RSU total packet size is 1006972
This is tag10. Serialized size is 928
RSU total packet size is 1007200
This is tag1. Serialized size is 172
RSU total packet size is 1007428
This is tag1. Serialized size is 172
RSU total packet size is 1007656
This is tag1. Serialized size is 172
RSU total packet size is 1008220
This is tag5. Serialized size is 508
RSU total packet size is 1008532
This is tag2. Serialized size is 256
RSU total packet size is 1008844
This is tag2. Serialized size is 256
RSU total packet size is 1009072
This is tag1. Serialized size is 172
RSU total packet size is 1009300
This is tag1. Serialized size is 172
RSU total packet size is 1009864
This is tag5. Serialized size is 508
RSU total packet size is 1010092
This is tag1. Serialized size is 172
RSU total packet size is 1010320
This is tag1. Serialized size is 172
RSU total packet size is 1010548
This is tag1. Serialized size is 172
RSU total packet size is 1010860
This is tag2. Serialized size is 256
RSU total packet size is 1011088
This is tag1. Serialized size is 172
RSU total packet size is 1011736
This is tag6. Serialized size is 592
RSU total packet size is 1011964
This is tag1. Serialized size is 172
RSU total packet size is 1012192
This is tag1. Serialized size is 172
RSU total packet size is 1012420
This is tag1. Serialized size is 172
RSU total packet size is 1012648
This is tag1. Serialized size is 172
RSU total packet size is 1012876
This is tag1. Serialized size is 172
RSU total packet size is 1013188
This is tag2. Serialized size is 256
RSU total packet size is 1013416
This is tag1. Serialized size is 172
RSU total packet size is 1013644
This is tag1. Serialized size is 172
RSU total packet size is 1013872
This is tag1. Serialized size is 172
RSU total packet size is 1014520
This is tag6. Serialized size is 592
RSU total packet size is 1014748
This is tag1. Serialized size is 172
RSU total packet size is 1014976
This is tag1. Serialized size is 172
RSU total packet size is 1015624
This is tag6. Serialized size is 592
RSU total packet size is 1015852
This is tag1. Serialized size is 172
RSU total packet size is 1016248
This is tag3. Serialized size is 340
RSU total packet size is 1016476
This is tag1. Serialized size is 172
RSU total packet size is 1016704
This is tag1. Serialized size is 172
RSU total packet size is 1016932
This is tag1. Serialized size is 172
RSU total packet size is 1017160
This is tag1. Serialized size is 172
RSU total packet size is 1017388
This is tag1. Serialized size is 172
RSU total packet size is 1017616
This is tag1. Serialized size is 172
RSU total packet size is 1017844
This is tag1. Serialized size is 172
RSU total packet size is 1018492
This is tag6. Serialized size is 592
RSU total packet size is 1018804
This is tag2. Serialized size is 256
RSU total packet size is 1019032
This is tag1. Serialized size is 172
RSU total packet size is 1019260
This is tag1. Serialized size is 172
RSU total packet size is 1019488
This is tag1. Serialized size is 172
RSU total packet size is 1019716
This is tag1. Serialized size is 172
RSU total packet size is 1019944
This is tag1. Serialized size is 172
RSU total packet size is 1020172
This is tag1. Serialized size is 172
RSU total packet size is 1020400
This is tag1. Serialized size is 172
RSU total packet size is 1020628
This is tag1. Serialized size is 172
RSU total packet size is 1020856
This is tag1. Serialized size is 172
RSU total packet size is 1021084
This is tag1. Serialized size is 172
RSU total packet size is 1021312
This is tag1. Serialized size is 172
RSU total packet size is 1021540
This is tag1. Serialized size is 172
RSU total packet size is 1021768
This is tag1. Serialized size is 172
RSU total packet size is 1021996
This is tag1. Serialized size is 172
RSU total packet size is 1022224
This is tag1. Serialized size is 172
RSU total packet size is 1022452
This is tag1. Serialized size is 172
RSU total packet size is 1022680
This is tag1. Serialized size is 172
RSU total packet size is 1022908
This is tag1. Serialized size is 172
RSU total packet size is 1023220
This is tag2. Serialized size is 256
average_latency 0.00 ms
[PDR] Channel-wise: Ch172(133.30m)=100.0% Ch174(133.3m)=100.0% Ch176(133.3m)=100.0% Ch178(282.2m)=100.0% Ch180(67.4m)=100.0% Ch182(67.4m)=100.0% Ch184(214.8m)=100.0% | Avg=100.00%
average packet delivery ratio is 100.00
average jitter is 0.00
average load balance is 100.00
written to file successfully
RSU total packet size is 1023448
This is tag1. Serialized size is 172
RSU total packet size is 1024180
This is tag7. Serialized size is 676
RSU total packet size is 1024408
This is tag1. Serialized size is 172
RSU total packet size is 1024972
This is tag5. Serialized size is 508
RSU total packet size is 1025284
This is tag2. Serialized size is 256
RSU total packet size is 1026268
This is tag10. Serialized size is 928
RSU total packet size is 1026496
This is tag1. Serialized size is 172
RSU total packet size is 1026724
This is tag1. Serialized size is 172
RSU total packet size is 1026952
This is tag1. Serialized size is 172
RSU total packet size is 1027516
This is tag5. Serialized size is 508
RSU total packet size is 1027828
This is tag2. Serialized size is 256
RSU total packet size is 1028140
This is tag2. Serialized size is 256
RSU total packet size is 1028368
This is tag1. Serialized size is 172
RSU total packet size is 1028596
This is tag1. Serialized size is 172
RSU total packet size is 1029160
This is tag5. Serialized size is 508
RSU total packet size is 1029388
This is tag1. Serialized size is 172
RSU total packet size is 1029616
This is tag1. Serialized size is 172
RSU total packet size is 1029844
This is tag1. Serialized size is 172
RSU total packet size is 1030156
This is tag2. Serialized size is 256
RSU total packet size is 1030384
This is tag1. Serialized size is 172
RSU total packet size is 1031068
Current neighbor size is 5Received neighborset from 225
This is tag6. Serialized size is 592
RSU total packet size is 1031296
This is tag1. Serialized size is 172
RSU total packet size is 1031524
This is tag1. Serialized size is 172
RSU total packet size is 1031752
This is tag1. Serialized size is 172
RSU total packet size is 1031980
This is tag1. Serialized size is 172
RSU total packet size is 1032208
This is tag1. Serialized size is 172
RSU total packet size is 1032520
This is tag2. Serialized size is 256
RSU total packet size is 1032748
This is tag1. Serialized size is 172
RSU total packet size is 1032976
This is tag1. Serialized size is 172
RSU total packet size is 1033204
This is tag1. Serialized size is 172
RSU total packet size is 1033852
This is tag6. Serialized size is 592
RSU total packet size is 1034080
This is tag1. Serialized size is 172
RSU total packet size is 1034308
This is tag1. Serialized size is 172
RSU total packet size is 1034956
This is tag6. Serialized size is 592
RSU total packet size is 1035184
This is tag1. Serialized size is 172
RSU total packet size is 1035580
This is tag3. Serialized size is 340
RSU total packet size is 1035808
This is tag1. Serialized size is 172
RSU total packet size is 1036036
This is tag1. Serialized size is 172
RSU total packet size is 1036264
This is tag1. Serialized size is 172
RSU total packet size is 1036492
This is tag1. Serialized size is 172
RSU total packet size is 1036720
This is tag1. Serialized size is 172
RSU total packet size is 1036948
This is tag1. Serialized size is 172
RSU total packet size is 1037176
This is tag1. Serialized size is 172
RSU total packet size is 1037824
This is tag6. Serialized size is 592
RSU total packet size is 1038136
This is tag2. Serialized size is 256
RSU total packet size is 1038364
This is tag1. Serialized size is 172
RSU total packet size is 1038592
This is tag1. Serialized size is 172
RSU total packet size is 1038820
This is tag1. Serialized size is 172
RSU total packet size is 1039048
This is tag1. Serialized size is 172
RSU total packet size is 1039276
This is tag1. Serialized size is 172
RSU total packet size is 1039504
This is tag1. Serialized size is 172
RSU total packet size is 1039732
This is tag1. Serialized size is 172
RSU total packet size is 1039960
This is tag1. Serialized size is 172
RSU total packet size is 1040188
This is tag1. Serialized size is 172
RSU total packet size is 1040416
This is tag1. Serialized size is 172
RSU total packet size is 1040644
This is tag1. Serialized size is 172
RSU total packet size is 1040872
This is tag1. Serialized size is 172
RSU total packet size is 1041100
This is tag1. Serialized size is 172
RSU total packet size is 1041328
This is tag1. Serialized size is 172
RSU total packet size is 1041556
This is tag1. Serialized size is 172
RSU total packet size is 1041784
This is tag1. Serialized size is 172
RSU total packet size is 1042012
This is tag1. Serialized size is 172
RSU total packet size is 1042240
This is tag1. Serialized size is 172
RSU total packet size is 1042552
This is tag2. Serialized size is 256
average_latency 0.00 ms
[PDR] Channel-wise: Ch172(133.30m)=100.0% Ch174(133.3m)=100.0% Ch176(133.3m)=100.0% Ch178(282.2m)=100.0% Ch180(67.4m)=100.0% Ch182(67.4m)=100.0% Ch184(214.8m)=100.0% | Avg=100.00%
average packet delivery ratio is 100.00
average jitter is 0.00
average load balance is 100.00
written to file successfully
RSU total packet size is 1042780
This is tag1. Serialized size is 172
RSU total packet size is 1043512
This is tag7. Serialized size is 676
RSU total packet size is 1043740
This is tag1. Serialized size is 172
RSU total packet size is 1044304
This is tag5. Serialized size is 508
RSU total packet size is 1044616
This is tag2. Serialized size is 256
RSU total packet size is 1045600
This is tag10. Serialized size is 928
RSU total packet size is 1045828
This is tag1. Serialized size is 172
RSU total packet size is 1046056
This is tag1. Serialized size is 172
RSU total packet size is 1046284
This is tag1. Serialized size is 172
RSU total packet size is 1046848
This is tag5. Serialized size is 508
RSU total packet size is 1047160
This is tag2. Serialized size is 256
RSU total packet size is 1047472
This is tag2. Serialized size is 256
RSU total packet size is 1047700
This is tag1. Serialized size is 172
RSU total packet size is 1047928
This is tag1. Serialized size is 172
RSU total packet size is 1048492
This is tag5. Serialized size is 508
RSU total packet size is 1048720
This is tag1. Serialized size is 172
RSU total packet size is 1048948
This is tag1. Serialized size is 172
RSU total packet size is 1049176
This is tag1. Serialized size is 172
RSU total packet size is 1049488
This is tag2. Serialized size is 256
RSU total packet size is 1049716
This is tag1. Serialized size is 172
RSU total packet size is 1050364
This is tag6. Serialized size is 592
RSU total packet size is 1050592
This is tag1. Serialized size is 172
RSU total packet size is 1050820
This is tag1. Serialized size is 172
RSU total packet size is 1051048
This is tag1. Serialized size is 172
RSU total packet size is 1051276
This is tag1. Serialized size is 172
RSU total packet size is 1051504
This is tag1. Serialized size is 172
RSU total packet size is 1051816
This is tag2. Serialized size is 256
RSU total packet size is 1052044
This is tag1. Serialized size is 172
RSU total packet size is 1052272
This is tag1. Serialized size is 172
RSU total packet size is 1052500
This is tag1. Serialized size is 172
RSU total packet size is 1053148
This is tag6. Serialized size is 592
RSU total packet size is 1053376
This is tag1. Serialized size is 172
RSU total packet size is 1053604
This is tag1. Serialized size is 172
RSU total packet size is 1054252
This is tag6. Serialized size is 592
RSU total packet size is 1054480
This is tag1. Serialized size is 172
RSU total packet size is 1054876
This is tag3. Serialized size is 340
RSU total packet size is 1055104
This is tag1. Serialized size is 172
RSU total packet size is 1055332
This is tag1. Serialized size is 172
RSU total packet size is 1055560
This is tag1. Serialized size is 172
RSU total packet size is 1055788
This is tag1. Serialized size is 172
RSU total packet size is 1056016
This is tag1. Serialized size is 172
RSU total packet size is 1056244
This is tag1. Serialized size is 172
RSU total packet size is 1056472
This is tag1. Serialized size is 172
RSU total packet size is 1057120
This is tag6. Serialized size is 592
RSU total packet size is 1057432
This is tag2. Serialized size is 256
RSU total packet size is 1057660
This is tag1. Serialized size is 172
RSU total packet size is 1057888
This is tag1. Serialized size is 172
RSU total packet size is 1058116
This is tag1. Serialized size is 172
RSU total packet size is 1058344
This is tag1. Serialized size is 172
RSU total packet size is 1058572
This is tag1. Serialized size is 172
RSU total packet size is 1058800
This is tag1. Serialized size is 172
RSU total packet size is 1059028
This is tag1. Serialized size is 172
RSU total packet size is 1059256
This is tag1. Serialized size is 172
RSU total packet size is 1059484
This is tag1. Serialized size is 172
RSU total packet size is 1059712
This is tag1. Serialized size is 172
RSU total packet size is 1059940
This is tag1. Serialized size is 172
RSU total packet size is 1060168
This is tag1. Serialized size is 172
RSU total packet size is 1060396
This is tag1. Serialized size is 172
RSU total packet size is 1060624
This is tag1. Serialized size is 172
RSU total packet size is 1060852
This is tag1. Serialized size is 172
RSU total packet size is 1061080
This is tag1. Serialized size is 172
RSU total packet size is 1061308
This is tag1. Serialized size is 172
RSU total packet size is 1061536
This is tag1. Serialized size is 172
RSU total packet size is 1061848
This is tag2. Serialized size is 256
average_latency 0.00 ms
[PDR] Channel-wise: Ch172(133.30m)=100.0% Ch174(133.3m)=100.0% Ch176(133.3m)=100.0% Ch178(282.2m)=100.0% Ch180(67.4m)=100.0% Ch182(67.4m)=100.0% Ch184(214.8m)=100.0% | Avg=100.00%
average packet delivery ratio is 100.00
average jitter is 0.00
average load balance is 100.00
written to file successfully
RSU total packet size is 1062076
This is tag1. Serialized size is 172
RSU total packet size is 1062808
This is tag7. Serialized size is 676
RSU total packet size is 1063036
This is tag1. Serialized size is 172
RSU total packet size is 1063600
This is tag5. Serialized size is 508
RSU total packet size is 1063912
This is tag2. Serialized size is 256
RSU total packet size is 1064896
This is tag10. Serialized size is 928
RSU total packet size is 1065124
This is tag1. Serialized size is 172
RSU total packet size is 1065352
This is tag1. Serialized size is 172
RSU total packet size is 1065580
This is tag1. Serialized size is 172
RSU total packet size is 1066144
This is tag5. Serialized size is 508
RSU total packet size is 1066456
This is tag2. Serialized size is 256
RSU total packet size is 1066768
This is tag2. Serialized size is 256
RSU total packet size is 1066996
This is tag1. Serialized size is 172
RSU total packet size is 1067224
This is tag1. Serialized size is 172
RSU total packet size is 1067788
This is tag5. Serialized size is 508
RSU total packet size is 1068016
This is tag1. Serialized size is 172
RSU total packet size is 1068244
This is tag1. Serialized size is 172
RSU total packet size is 1068472
This is tag1. Serialized size is 172
RSU total packet size is 1068784
This is tag2. Serialized size is 256
RSU total packet size is 1069012
This is tag1. Serialized size is 172
RSU total packet size is 1069660
This is tag6. Serialized size is 592
RSU total packet size is 1069888
This is tag1. Serialized size is 172
RSU total packet size is 1070116
This is tag1. Serialized size is 172
RSU total packet size is 1070344
This is tag1. Serialized size is 172
RSU total packet size is 1070572
This is tag1. Serialized size is 172
RSU total packet size is 1070800
This is tag1. Serialized size is 172
RSU total packet size is 1071112
This is tag2. Serialized size is 256
RSU total packet size is 1071340
This is tag1. Serialized size is 172
RSU total packet size is 1071568
This is tag1. Serialized size is 172
RSU total packet size is 1071796
This is tag1. Serialized size is 172
RSU total packet size is 1072444
This is tag6. Serialized size is 592
RSU total packet size is 1072672
This is tag1. Serialized size is 172
RSU total packet size is 1072900
This is tag1. Serialized size is 172
RSU total packet size is 1073548
This is tag6. Serialized size is 592
RSU total packet size is 1073776
This is tag1. Serialized size is 172
RSU total packet size is 1074172
This is tag3. Serialized size is 340
RSU total packet size is 1074400
This is tag1. Serialized size is 172
RSU total packet size is 1074628
This is tag1. Serialized size is 172
RSU total packet size is 1074856
This is tag1. Serialized size is 172
RSU total packet size is 1075084
This is tag1. Serialized size is 172
RSU total packet size is 1075312
This is tag1. Serialized size is 172
RSU total packet size is 1075540
This is tag1. Serialized size is 172
RSU total packet size is 1075768
This is tag1. Serialized size is 172
RSU total packet size is 1076416
This is tag6. Serialized size is 592
RSU total packet size is 1076728
This is tag2. Serialized size is 256
RSU total packet size is 1076956
This is tag1. Serialized size is 172
RSU total packet size is 1077184
This is tag1. Serialized size is 172
RSU total packet size is 1077412
This is tag1. Serialized size is 172
RSU total packet size is 1077640
This is tag1. Serialized size is 172
RSU total packet size is 1077868
This is tag1. Serialized size is 172
RSU total packet size is 1078096
This is tag1. Serialized size is 172
RSU total packet size is 1078324
This is tag1. Serialized size is 172
RSU total packet size is 1078552
This is tag1. Serialized size is 172
RSU total packet size is 1078780
This is tag1. Serialized size is 172
RSU total packet size is 1079008
This is tag1. Serialized size is 172
RSU total packet size is 1079236
This is tag1. Serialized size is 172
RSU total packet size is 1079464
This is tag1. Serialized size is 172
RSU total packet size is 1079692
This is tag1. Serialized size is 172
RSU total packet size is 1079920
This is tag1. Serialized size is 172
RSU total packet size is 1080148
This is tag1. Serialized size is 172
RSU total packet size is 1080376
This is tag1. Serialized size is 172
RSU total packet size is 1080604
This is tag1. Serialized size is 172
RSU total packet size is 1080832
This is tag1. Serialized size is 172
RSU total packet size is 1081144
This is tag2. Serialized size is 256
average_latency 0.00 ms
[PDR] Channel-wise: Ch172(133.30m)=100.0% Ch174(133.3m)=100.0% Ch176(133.3m)=100.0% Ch178(282.2m)=100.0% Ch180(67.4m)=100.0% Ch182(67.4m)=100.0% Ch184(214.8m)=100.0% | Avg=100.00%
average packet delivery ratio is 100.00
average jitter is 0.00
average load balance is 100.00
written to file successfully
RSU total packet size is 1081372
This is tag1. Serialized size is 172
RSU total packet size is 1082104
This is tag7. Serialized size is 676
RSU total packet size is 1082332
This is tag1. Serialized size is 172
RSU total packet size is 1082896
This is tag5. Serialized size is 508
RSU total packet size is 1083208
This is tag2. Serialized size is 256
RSU total packet size is 1084192
This is tag10. Serialized size is 928
RSU total packet size is 1084420
This is tag1. Serialized size is 172
RSU total packet size is 1084648
This is tag1. Serialized size is 172
RSU total packet size is 1084876
This is tag1. Serialized size is 172
RSU total packet size is 1085440
This is tag5. Serialized size is 508
RSU total packet size is 1085752
This is tag2. Serialized size is 256
RSU total packet size is 1086064
This is tag2. Serialized size is 256
RSU total packet size is 1086292
This is tag1. Serialized size is 172
RSU total packet size is 1086520
This is tag1. Serialized size is 172
RSU total packet size is 1087084
This is tag5. Serialized size is 508
RSU total packet size is 1087312
This is tag1. Serialized size is 172
RSU total packet size is 1087540
This is tag1. Serialized size is 172
RSU total packet size is 1087768
This is tag1. Serialized size is 172
RSU total packet size is 1088080
This is tag2. Serialized size is 256
RSU total packet size is 1088308
This is tag1. Serialized size is 172
RSU total packet size is 1088956
This is tag6. Serialized size is 592
RSU total packet size is 1089184
This is tag1. Serialized size is 172
RSU total packet size is 1089412
This is tag1. Serialized size is 172
RSU total packet size is 1089640
This is tag1. Serialized size is 172
RSU total packet size is 1089868
This is tag1. Serialized size is 172
RSU total packet size is 1090096
This is tag1. Serialized size is 172
RSU total packet size is 1090408
This is tag2. Serialized size is 256
RSU total packet size is 1090636
This is tag1. Serialized size is 172
RSU total packet size is 1090864
This is tag1. Serialized size is 172
RSU total packet size is 1091092
This is tag1. Serialized size is 172
RSU total packet size is 1091740
This is tag6. Serialized size is 592
RSU total packet size is 1091968
This is tag1. Serialized size is 172
RSU total packet size is 1092196
This is tag1. Serialized size is 172
RSU total packet size is 1092844
This is tag6. Serialized size is 592
RSU total packet size is 1093072
This is tag1. Serialized size is 172
RSU total packet size is 1093468
This is tag3. Serialized size is 340
RSU total packet size is 1093696
This is tag1. Serialized size is 172
RSU total packet size is 1093924
This is tag1. Serialized size is 172
RSU total packet size is 1094152
This is tag1. Serialized size is 172
RSU total packet size is 1094380
This is tag1. Serialized size is 172
RSU total packet size is 1094608
This is tag1. Serialized size is 172
RSU total packet size is 1094836
This is tag1. Serialized size is 172
RSU total packet size is 1095064
This is tag1. Serialized size is 172
RSU total packet size is 1095712
This is tag6. Serialized size is 592
RSU total packet size is 1096024
This is tag2. Serialized size is 256
RSU total packet size is 1096252
This is tag1. Serialized size is 172
RSU total packet size is 1096480
This is tag1. Serialized size is 172
RSU total packet size is 1096708
This is tag1. Serialized size is 172
RSU total packet size is 1096936
This is tag1. Serialized size is 172
RSU total packet size is 1097164
This is tag1. Serialized size is 172
RSU total packet size is 1097392
This is tag1. Serialized size is 172
RSU total packet size is 1097620
This is tag1. Serialized size is 172
RSU total packet size is 1097848
This is tag1. Serialized size is 172
RSU total packet size is 1098076
This is tag1. Serialized size is 172
RSU total packet size is 1098304
This is tag1. Serialized size is 172
RSU total packet size is 1098532
This is tag1. Serialized size is 172
RSU total packet size is 1098760
This is tag1. Serialized size is 172
RSU total packet size is 1098988
This is tag1. Serialized size is 172
RSU total packet size is 1099216
This is tag1. Serialized size is 172
RSU total packet size is 1099444
This is tag1. Serialized size is 172
RSU total packet size is 1099672
This is tag1. Serialized size is 172
RSU total packet size is 1099900
This is tag1. Serialized size is 172
RSU total packet size is 1100128
This is tag1. Serialized size is 172
RSU total packet size is 1100440
This is tag2. Serialized size is 256
average_latency 0.00 ms
[PDR] Channel-wise: Ch172(133.30m)=100.0% Ch174(133.3m)=100.0% Ch176(133.3m)=100.0% Ch178(282.2m)=100.0% Ch180(67.4m)=100.0% Ch182(67.4m)=100.0% Ch184(214.8m)=100.0% | Avg=100.00%
average packet delivery ratio is 100.00
average jitter is 0.00
average load balance is 100.00
written to file successfully
RSU total packet size is 1100668
This is tag1. Serialized size is 172
RSU total packet size is 1101400
This is tag7. Serialized size is 676
RSU total packet size is 1101628
This is tag1. Serialized size is 172
RSU total packet size is 1102192
This is tag5. Serialized size is 508
RSU total packet size is 1102504
This is tag2. Serialized size is 256
RSU total packet size is 1103488
This is tag10. Serialized size is 928
RSU total packet size is 1103716
This is tag1. Serialized size is 172
RSU total packet size is 1103944
This is tag1. Serialized size is 172
RSU total packet size is 1104172
This is tag1. Serialized size is 172
RSU total packet size is 1104736
This is tag5. Serialized size is 508
RSU total packet size is 1105048
This is tag2. Serialized size is 256
RSU total packet size is 1105360
This is tag2. Serialized size is 256
RSU total packet size is 1105588
This is tag1. Serialized size is 172
RSU total packet size is 1105816
This is tag1. Serialized size is 172
RSU total packet size is 1106380
This is tag5. Serialized size is 508
RSU total packet size is 1106608
This is tag1. Serialized size is 172
RSU total packet size is 1106836
This is tag1. Serialized size is 172
RSU total packet size is 1107064
This is tag1. Serialized size is 172
RSU total packet size is 1107376
This is tag2. Serialized size is 256
RSU total packet size is 1107604
This is tag1. Serialized size is 172
RSU total packet size is 1108288
Current neighbor size is 5Received neighborset from 225
This is tag6. Serialized size is 592
RSU total packet size is 1108516
This is tag1. Serialized size is 172
RSU total packet size is 1108744
This is tag1. Serialized size is 172
RSU total packet size is 1108972
This is tag1. Serialized size is 172
RSU total packet size is 1109200
This is tag1. Serialized size is 172
RSU total packet size is 1109428
This is tag1. Serialized size is 172
RSU total packet size is 1109740
This is tag2. Serialized size is 256
RSU total packet size is 1109968
This is tag1. Serialized size is 172
RSU total packet size is 1110196
This is tag1. Serialized size is 172
RSU total packet size is 1110424
This is tag1. Serialized size is 172
RSU total packet size is 1111072
This is tag6. Serialized size is 592
RSU total packet size is 1111300
This is tag1. Serialized size is 172
RSU total packet size is 1111528
This is tag1. Serialized size is 172
RSU total packet size is 1112176
This is tag6. Serialized size is 592
RSU total packet size is 1112404
This is tag1. Serialized size is 172
RSU total packet size is 1112800
This is tag3. Serialized size is 340
RSU total packet size is 1113028
This is tag1. Serialized size is 172
RSU total packet size is 1113256
This is tag1. Serialized size is 172
RSU total packet size is 1113484
This is tag1. Serialized size is 172
RSU total packet size is 1113712
This is tag1. Serialized size is 172
RSU total packet size is 1113940
This is tag1. Serialized size is 172
RSU total packet size is 1114168
This is tag1. Serialized size is 172
RSU total packet size is 1114396
This is tag1. Serialized size is 172
RSU total packet size is 1115044
This is tag6. Serialized size is 592
RSU total packet size is 1115356
This is tag2. Serialized size is 256
RSU total packet size is 1115584
This is tag1. Serialized size is 172
RSU total packet size is 1115812
This is tag1. Serialized size is 172
RSU total packet size is 1116040
This is tag1. Serialized size is 172
RSU total packet size is 1116268
This is tag1. Serialized size is 172
RSU total packet size is 1116496
This is tag1. Serialized size is 172
RSU total packet size is 1116724
This is tag1. Serialized size is 172
RSU total packet size is 1116952
This is tag1. Serialized size is 172
RSU total packet size is 1117180
This is tag1. Serialized size is 172
RSU total packet size is 1117408
This is tag1. Serialized size is 172
RSU total packet size is 1117636
This is tag1. Serialized size is 172
RSU total packet size is 1117864
This is tag1. Serialized size is 172
RSU total packet size is 1118092
This is tag1. Serialized size is 172
RSU total packet size is 1118320
This is tag1. Serialized size is 172
RSU total packet size is 1118548
This is tag1. Serialized size is 172
RSU total packet size is 1118776
This is tag1. Serialized size is 172
RSU total packet size is 1119004
This is tag1. Serialized size is 172
RSU total packet size is 1119232
This is tag1. Serialized size is 172
RSU total packet size is 1119460
This is tag1. Serialized size is 172
RSU total packet size is 1119772
This is tag2. Serialized size is 256
average_latency 0.00 ms
[PDR] Channel-wise: Ch172(133.30m)=100.0% Ch174(133.3m)=100.0% Ch176(133.3m)=100.0% Ch178(282.2m)=100.0% Ch180(67.4m)=100.0% Ch182(67.4m)=100.0% Ch184(214.8m)=100.0% | Avg=100.00%
average packet delivery ratio is 100.00
average jitter is 0.00
average load balance is 100.00
written to file successfully
RSU total packet size is 1120000
This is tag1. Serialized size is 172
RSU total packet size is 1120732
This is tag7. Serialized size is 676
RSU total packet size is 1120960
This is tag1. Serialized size is 172
RSU total packet size is 1121524
This is tag5. Serialized size is 508
RSU total packet size is 1121836
This is tag2. Serialized size is 256
RSU total packet size is 1122820
This is tag10. Serialized size is 928
RSU total packet size is 1123048
This is tag1. Serialized size is 172
RSU total packet size is 1123276
This is tag1. Serialized size is 172
RSU total packet size is 1123504
This is tag1. Serialized size is 172
RSU total packet size is 1124068
This is tag5. Serialized size is 508
RSU total packet size is 1124380
This is tag2. Serialized size is 256
RSU total packet size is 1124692
This is tag2. Serialized size is 256
RSU total packet size is 1124920
This is tag1. Serialized size is 172
RSU total packet size is 1125148
This is tag1. Serialized size is 172
RSU total packet size is 1125712
This is tag5. Serialized size is 508
RSU total packet size is 1125940
This is tag1. Serialized size is 172
RSU total packet size is 1126168
This is tag1. Serialized size is 172
RSU total packet size is 1126396
This is tag1. Serialized size is 172
RSU total packet size is 1126708
This is tag2. Serialized size is 256
RSU total packet size is 1126936
This is tag1. Serialized size is 172
RSU total packet size is 1127584
This is tag6. Serialized size is 592
RSU total packet size is 1127812
This is tag1. Serialized size is 172
RSU total packet size is 1128040
This is tag1. Serialized size is 172
RSU total packet size is 1128268
This is tag1. Serialized size is 172
RSU total packet size is 1128496
This is tag1. Serialized size is 172
RSU total packet size is 1128724
This is tag1. Serialized size is 172
RSU total packet size is 1129036
This is tag2. Serialized size is 256
RSU total packet size is 1129264
This is tag1. Serialized size is 172
RSU total packet size is 1129492
This is tag1. Serialized size is 172
RSU total packet size is 1129720
This is tag1. Serialized size is 172
RSU total packet size is 1130368
This is tag6. Serialized size is 592
RSU total packet size is 1130596
This is tag1. Serialized size is 172
RSU total packet size is 1130824
This is tag1. Serialized size is 172
RSU total packet size is 1131472
This is tag6. Serialized size is 592
RSU total packet size is 1131700
This is tag1. Serialized size is 172
RSU total packet size is 1132096
This is tag3. Serialized size is 340
RSU total packet size is 1132324
This is tag1. Serialized size is 172
RSU total packet size is 1132552
This is tag1. Serialized size is 172
RSU total packet size is 1132780
This is tag1. Serialized size is 172
RSU total packet size is 1133008
This is tag1. Serialized size is 172
RSU total packet size is 1133236
This is tag1. Serialized size is 172
RSU total packet size is 1133464
This is tag1. Serialized size is 172
RSU total packet size is 1133692
This is tag1. Serialized size is 172
RSU total packet size is 1134340
This is tag6. Serialized size is 592
RSU total packet size is 1134652
This is tag2. Serialized size is 256
RSU total packet size is 1134880
This is tag1. Serialized size is 172
RSU total packet size is 1135108
This is tag1. Serialized size is 172
RSU total packet size is 1135336
This is tag1. Serialized size is 172
RSU total packet size is 1135564
This is tag1. Serialized size is 172
RSU total packet size is 1135792
This is tag1. Serialized size is 172
RSU total packet size is 1136020
This is tag1. Serialized size is 172
RSU total packet size is 1136248
This is tag1. Serialized size is 172
RSU total packet size is 1136476
This is tag1. Serialized size is 172
RSU total packet size is 1136704
This is tag1. Serialized size is 172
RSU total packet size is 1136932
This is tag1. Serialized size is 172
RSU total packet size is 1137160
This is tag1. Serialized size is 172
RSU total packet size is 1137388
This is tag1. Serialized size is 172
RSU total packet size is 1137616
This is tag1. Serialized size is 172
RSU total packet size is 1137844
This is tag1. Serialized size is 172
RSU total packet size is 1138072
This is tag1. Serialized size is 172
RSU total packet size is 1138300
This is tag1. Serialized size is 172
RSU total packet size is 1138528
This is tag1. Serialized size is 172
RSU total packet size is 1138756
This is tag1. Serialized size is 172
RSU total packet size is 1139068
This is tag2. Serialized size is 256
average_latency 0.00 ms
[PDR] Channel-wise: Ch172(133.30m)=100.0% Ch174(133.3m)=100.0% Ch176(133.3m)=100.0% Ch178(282.2m)=100.0% Ch180(67.4m)=100.0% Ch182(67.4m)=100.0% Ch184(214.8m)=100.0% | Avg=100.00%
average packet delivery ratio is 100.00
average jitter is 0.00
average load balance is 100.00
written to file successfully
RSU total packet size is 1139296
This is tag1. Serialized size is 172
RSU total packet size is 1140028
This is tag7. Serialized size is 676
RSU total packet size is 1140256
This is tag1. Serialized size is 172
RSU total packet size is 1140820
This is tag5. Serialized size is 508
RSU total packet size is 1141132
This is tag2. Serialized size is 256
RSU total packet size is 1142116
This is tag10. Serialized size is 928
RSU total packet size is 1142344
This is tag1. Serialized size is 172
RSU total packet size is 1142572
This is tag1. Serialized size is 172
RSU total packet size is 1142800
This is tag1. Serialized size is 172
RSU total packet size is 1143364
This is tag5. Serialized size is 508
RSU total packet size is 1143676
This is tag2. Serialized size is 256
RSU total packet size is 1143988
This is tag2. Serialized size is 256
RSU total packet size is 1144216
This is tag1. Serialized size is 172
RSU total packet size is 1144444
This is tag1. Serialized size is 172
RSU total packet size is 1145008
This is tag5. Serialized size is 508
RSU total packet size is 1145236
This is tag1. Serialized size is 172
RSU total packet size is 1145464
This is tag1. Serialized size is 172
RSU total packet size is 1145692
This is tag1. Serialized size is 172
RSU total packet size is 1146004
This is tag2. Serialized size is 256
RSU total packet size is 1146232
This is tag1. Serialized size is 172
RSU total packet size is 1146880
This is tag6. Serialized size is 592
RSU total packet size is 1147108
This is tag1. Serialized size is 172
RSU total packet size is 1147336
This is tag1. Serialized size is 172
RSU total packet size is 1147564
This is tag1. Serialized size is 172
RSU total packet size is 1147792
This is tag1. Serialized size is 172
RSU total packet size is 1148020
This is tag1. Serialized size is 172
RSU total packet size is 1148332
This is tag2. Serialized size is 256
RSU total packet size is 1148560
This is tag1. Serialized size is 172
RSU total packet size is 1148788
This is tag1. Serialized size is 172
RSU total packet size is 1149016
This is tag1. Serialized size is 172
RSU total packet size is 1149664
This is tag6. Serialized size is 592
RSU total packet size is 1149892
This is tag1. Serialized size is 172
RSU total packet size is 1150120
This is tag1. Serialized size is 172
RSU total packet size is 1150768
This is tag6. Serialized size is 592
RSU total packet size is 1150996
This is tag1. Serialized size is 172
RSU total packet size is 1151392
This is tag3. Serialized size is 340
RSU total packet size is 1151620
This is tag1. Serialized size is 172
RSU total packet size is 1151848
This is tag1. Serialized size is 172
RSU total packet size is 1152076
This is tag1. Serialized size is 172
RSU total packet size is 1152304
This is tag1. Serialized size is 172
RSU total packet size is 1152532
This is tag1. Serialized size is 172
RSU total packet size is 1152760
This is tag1. Serialized size is 172
RSU total packet size is 1152988
This is tag1. Serialized size is 172
RSU total packet size is 1153636
This is tag6. Serialized size is 592
RSU total packet size is 1153948
This is tag2. Serialized size is 256
RSU total packet size is 1154176
This is tag1. Serialized size is 172
RSU total packet size is 1154404
This is tag1. Serialized size is 172
RSU total packet size is 1154632
This is tag1. Serialized size is 172
RSU total packet size is 1154860
This is tag1. Serialized size is 172
RSU total packet size is 1155088
This is tag1. Serialized size is 172
RSU total packet size is 1155316
This is tag1. Serialized size is 172
RSU total packet size is 1155544
This is tag1. Serialized size is 172
RSU total packet size is 1155772
This is tag1. Serialized size is 172
RSU total packet size is 1156000
This is tag1. Serialized size is 172
RSU total packet size is 1156228
This is tag1. Serialized size is 172
RSU total packet size is 1156456
This is tag1. Serialized size is 172
RSU total packet size is 1156684
This is tag1. Serialized size is 172
RSU total packet size is 1156912
This is tag1. Serialized size is 172
RSU total packet size is 1157140
This is tag1. Serialized size is 172
RSU total packet size is 1157368
This is tag1. Serialized size is 172
RSU total packet size is 1157596
This is tag1. Serialized size is 172
RSU total packet size is 1157824
This is tag1. Serialized size is 172
RSU total packet size is 1158052
This is tag1. Serialized size is 172
RSU total packet size is 1158364
This is tag2. Serialized size is 256
average_latency 0.00 ms
[PDR] Channel-wise: Ch172(133.30m)=100.0% Ch174(133.3m)=100.0% Ch176(133.3m)=100.0% Ch178(282.2m)=100.0% Ch180(67.4m)=100.0% Ch182(67.4m)=100.0% Ch184(214.8m)=100.0% | Avg=100.00%
average packet delivery ratio is 100.00
average jitter is 0.00
average load balance is 100.00
written to file successfully
RSU total packet size is 1158592
This is tag1. Serialized size is 172
RSU total packet size is 1159324
This is tag7. Serialized size is 676
RSU total packet size is 1159552
This is tag1. Serialized size is 172
RSU total packet size is 1160116
This is tag5. Serialized size is 508
RSU total packet size is 1160428
This is tag2. Serialized size is 256
RSU total packet size is 1161412
This is tag10. Serialized size is 928
RSU total packet size is 1161640
This is tag1. Serialized size is 172
RSU total packet size is 1161868
This is tag1. Serialized size is 172
RSU total packet size is 1162096
This is tag1. Serialized size is 172
RSU total packet size is 1162660
This is tag5. Serialized size is 508
RSU total packet size is 1162972
This is tag2. Serialized size is 256
RSU total packet size is 1163284
This is tag2. Serialized size is 256
RSU total packet size is 1163512
This is tag1. Serialized size is 172
RSU total packet size is 1163740
This is tag1. Serialized size is 172
RSU total packet size is 1164304
This is tag5. Serialized size is 508
RSU total packet size is 1164532
This is tag1. Serialized size is 172
RSU total packet size is 1164760
This is tag1. Serialized size is 172
RSU total packet size is 1164988
This is tag1. Serialized size is 172
RSU total packet size is 1165300
This is tag2. Serialized size is 256
RSU total packet size is 1165528
This is tag1. Serialized size is 172
RSU total packet size is 1166176
This is tag6. Serialized size is 592
RSU total packet size is 1166404
This is tag1. Serialized size is 172
RSU total packet size is 1166632
This is tag1. Serialized size is 172
RSU total packet size is 1166860
This is tag1. Serialized size is 172
RSU total packet size is 1167088
This is tag1. Serialized size is 172
RSU total packet size is 1167316
This is tag1. Serialized size is 172
RSU total packet size is 1167628
This is tag2. Serialized size is 256
RSU total packet size is 1167856
This is tag1. Serialized size is 172
RSU total packet size is 1168084
This is tag1. Serialized size is 172
RSU total packet size is 1168312
This is tag1. Serialized size is 172
RSU total packet size is 1168960
This is tag6. Serialized size is 592
RSU total packet size is 1169188
This is tag1. Serialized size is 172
RSU total packet size is 1169416
This is tag1. Serialized size is 172
RSU total packet size is 1170064
This is tag6. Serialized size is 592
RSU total packet size is 1170292
This is tag1. Serialized size is 172
RSU total packet size is 1170688
This is tag3. Serialized size is 340
RSU total packet size is 1170916
This is tag1. Serialized size is 172
RSU total packet size is 1171144
This is tag1. Serialized size is 172
RSU total packet size is 1171372
This is tag1. Serialized size is 172
RSU total packet size is 1171600
This is tag1. Serialized size is 172
RSU total packet size is 1171828
This is tag1. Serialized size is 172
RSU total packet size is 1172056
This is tag1. Serialized size is 172
RSU total packet size is 1172284
This is tag1. Serialized size is 172
RSU total packet size is 1172932
This is tag6. Serialized size is 592
RSU total packet size is 1173244
This is tag2. Serialized size is 256
RSU total packet size is 1173472
This is tag1. Serialized size is 172
RSU total packet size is 1173700
This is tag1. Serialized size is 172
RSU total packet size is 1173928
This is tag1. Serialized size is 172
RSU total packet size is 1174156
This is tag1. Serialized size is 172
RSU total packet size is 1174384
This is tag1. Serialized size is 172
RSU total packet size is 1174612
This is tag1. Serialized size is 172
RSU total packet size is 1174840
This is tag1. Serialized size is 172
RSU total packet size is 1175068
This is tag1. Serialized size is 172
RSU total packet size is 1175296
This is tag1. Serialized size is 172
RSU total packet size is 1175524
This is tag1. Serialized size is 172
RSU total packet size is 1175752
This is tag1. Serialized size is 172
RSU total packet size is 1175980
This is tag1. Serialized size is 172
RSU total packet size is 1176208
This is tag1. Serialized size is 172
RSU total packet size is 1176436
This is tag1. Serialized size is 172
RSU total packet size is 1176664
This is tag1. Serialized size is 172
RSU total packet size is 1176892
This is tag1. Serialized size is 172
RSU total packet size is 1177120
This is tag1. Serialized size is 172
RSU total packet size is 1177348
This is tag1. Serialized size is 172
RSU total packet size is 1177660
This is tag2. Serialized size is 256
average_latency 0.00 ms
[PDR] Channel-wise: Ch172(133.30m)=100.0% Ch174(133.3m)=100.0% Ch176(133.3m)=100.0% Ch178(282.2m)=100.0% Ch180(67.4m)=100.0% Ch182(67.4m)=100.0% Ch184(214.8m)=100.0% | Avg=100.00%
average packet delivery ratio is 100.00
average jitter is 0.00
average load balance is 100.00
written to file successfully
RSU total packet size is 1177888
This is tag1. Serialized size is 172
RSU total packet size is 1178620
This is tag7. Serialized size is 676
RSU total packet size is 1178848
This is tag1. Serialized size is 172
RSU total packet size is 1179412
This is tag5. Serialized size is 508
RSU total packet size is 1179724
This is tag2. Serialized size is 256
RSU total packet size is 1180708
This is tag10. Serialized size is 928
RSU total packet size is 1180936
This is tag1. Serialized size is 172
RSU total packet size is 1181164
This is tag1. Serialized size is 172
RSU total packet size is 1181392
This is tag1. Serialized size is 172
RSU total packet size is 1181956
This is tag5. Serialized size is 508
RSU total packet size is 1182268
This is tag2. Serialized size is 256
RSU total packet size is 1182580
This is tag2. Serialized size is 256
RSU total packet size is 1182808
This is tag1. Serialized size is 172
RSU total packet size is 1183036
This is tag1. Serialized size is 172
RSU total packet size is 1183600
This is tag5. Serialized size is 508
RSU total packet size is 1183828
This is tag1. Serialized size is 172
RSU total packet size is 1184056
This is tag1. Serialized size is 172
RSU total packet size is 1184284
This is tag1. Serialized size is 172
RSU total packet size is 1184596
This is tag2. Serialized size is 256
RSU total packet size is 1184824
This is tag1. Serialized size is 172
RSU total packet size is 1185472
This is tag6. Serialized size is 592
RSU total packet size is 1185700
This is tag1. Serialized size is 172
RSU total packet size is 1185928
This is tag1. Serialized size is 172
RSU total packet size is 1186156
This is tag1. Serialized size is 172
RSU total packet size is 1186384
This is tag1. Serialized size is 172
RSU total packet size is 1186612
This is tag1. Serialized size is 172
RSU total packet size is 1186924
This is tag2. Serialized size is 256
RSU total packet size is 1187152
This is tag1. Serialized size is 172
RSU total packet size is 1187380
This is tag1. Serialized size is 172
RSU total packet size is 1187608
This is tag1. Serialized size is 172
RSU total packet size is 1188256
This is tag6. Serialized size is 592
RSU total packet size is 1188484
This is tag1. Serialized size is 172
RSU total packet size is 1188712
This is tag1. Serialized size is 172
RSU total packet size is 1189360
This is tag6. Serialized size is 592
RSU total packet size is 1189588
This is tag1. Serialized size is 172
RSU total packet size is 1189984
This is tag3. Serialized size is 340
RSU total packet size is 1190212
This is tag1. Serialized size is 172
RSU total packet size is 1190440
This is tag1. Serialized size is 172
RSU total packet size is 1190668
This is tag1. Serialized size is 172
RSU total packet size is 1190896
This is tag1. Serialized size is 172
RSU total packet size is 1191124
This is tag1. Serialized size is 172
RSU total packet size is 1191352
This is tag1. Serialized size is 172
RSU total packet size is 1191580
This is tag1. Serialized size is 172
RSU total packet size is 1192228
This is tag6. Serialized size is 592
RSU total packet size is 1192540
This is tag2. Serialized size is 256
RSU total packet size is 1192768
This is tag1. Serialized size is 172
RSU total packet size is 1192996
This is tag1. Serialized size is 172
RSU total packet size is 1193224
This is tag1. Serialized size is 172
RSU total packet size is 1193452
This is tag1. Serialized size is 172
RSU total packet size is 1193680
This is tag1. Serialized size is 172
RSU total packet size is 1193908
This is tag1. Serialized size is 172
RSU total packet size is 1194136
This is tag1. Serialized size is 172
RSU total packet size is 1194364
This is tag1. Serialized size is 172
RSU total packet size is 1194592
This is tag1. Serialized size is 172
RSU total packet size is 1194820
This is tag1. Serialized size is 172
RSU total packet size is 1195048
This is tag1. Serialized size is 172
RSU total packet size is 1195276
This is tag1. Serialized size is 172
RSU total packet size is 1195504
This is tag1. Serialized size is 172
RSU total packet size is 1195732
This is tag1. Serialized size is 172
RSU total packet size is 1195960
This is tag1. Serialized size is 172
RSU total packet size is 1196188
This is tag1. Serialized size is 172
RSU total packet size is 1196416
This is tag1. Serialized size is 172
RSU total packet size is 1196644
This is tag1. Serialized size is 172
RSU total packet size is 1196956
This is tag2. Serialized size is 256
average_latency 0.00 ms
[PDR] Channel-wise: Ch172(133.30m)=100.0% Ch174(133.3m)=100.0% Ch176(133.3m)=100.0% Ch178(282.2m)=100.0% Ch180(67.4m)=100.0% Ch182(67.4m)=100.0% Ch184(214.8m)=100.0% | Avg=100.00%
average packet delivery ratio is 100.00
average jitter is 0.00
average load balance is 100.00
written to file successfully
RSU total packet size is 1197184
This is tag1. Serialized size is 172
RSU total packet size is 1197916
This is tag7. Serialized size is 676
RSU total packet size is 1198144
This is tag1. Serialized size is 172
RSU total packet size is 1198708
This is tag5. Serialized size is 508
RSU total packet size is 1199020
This is tag2. Serialized size is 256
RSU total packet size is 1200004
This is tag10. Serialized size is 928
RSU total packet size is 1200232
This is tag1. Serialized size is 172
RSU total packet size is 1200460
This is tag1. Serialized size is 172
RSU total packet size is 1200688
This is tag1. Serialized size is 172
RSU total packet size is 1201252
This is tag5. Serialized size is 508
RSU total packet size is 1201564
This is tag2. Serialized size is 256
RSU total packet size is 1201876
This is tag2. Serialized size is 256
RSU total packet size is 1202104
This is tag1. Serialized size is 172
RSU total packet size is 1202332
This is tag1. Serialized size is 172
RSU total packet size is 1202896
This is tag5. Serialized size is 508
RSU total packet size is 1203124
This is tag1. Serialized size is 172
RSU total packet size is 1203352
This is tag1. Serialized size is 172
RSU total packet size is 1203580
This is tag1. Serialized size is 172
RSU total packet size is 1203892
This is tag2. Serialized size is 256
RSU total packet size is 1204120
This is tag1. Serialized size is 172
RSU total packet size is 1204768
This is tag6. Serialized size is 592
RSU total packet size is 1204996
This is tag1. Serialized size is 172
RSU total packet size is 1205224
This is tag1. Serialized size is 172
RSU total packet size is 1205452
This is tag1. Serialized size is 172
RSU total packet size is 1205680
This is tag1. Serialized size is 172
RSU total packet size is 1205908
This is tag1. Serialized size is 172
RSU total packet size is 1206220
This is tag2. Serialized size is 256
RSU total packet size is 1206448
This is tag1. Serialized size is 172
RSU total packet size is 1206676
This is tag1. Serialized size is 172
RSU total packet size is 1206904
This is tag1. Serialized size is 172
RSU total packet size is 1207552
This is tag6. Serialized size is 592
RSU total packet size is 1207780
This is tag1. Serialized size is 172
RSU total packet size is 1208008
This is tag1. Serialized size is 172
RSU total packet size is 1208656
This is tag6. Serialized size is 592
RSU total packet size is 1208884
This is tag1. Serialized size is 172
RSU total packet size is 1209280
This is tag3. Serialized size is 340
RSU total packet size is 1209508
This is tag1. Serialized size is 172
RSU total packet size is 1209736
This is tag1. Serialized size is 172
RSU total packet size is 1209964
This is tag1. Serialized size is 172
RSU total packet size is 1210192
This is tag1. Serialized size is 172
RSU total packet size is 1210420
This is tag1. Serialized size is 172
RSU total packet size is 1210648
This is tag1. Serialized size is 172
RSU total packet size is 1210876
This is tag1. Serialized size is 172
RSU total packet size is 1211524
This is tag6. Serialized size is 592
RSU total packet size is 1211836
This is tag2. Serialized size is 256
RSU total packet size is 1212064
This is tag1. Serialized size is 172
RSU total packet size is 1212292
This is tag1. Serialized size is 172
RSU total packet size is 1212520
This is tag1. Serialized size is 172
RSU total packet size is 1212748
This is tag1. Serialized size is 172
RSU total packet size is 1212976
This is tag1. Serialized size is 172
RSU total packet size is 1213204
This is tag1. Serialized size is 172
RSU total packet size is 1213432
This is tag1. Serialized size is 172
RSU total packet size is 1213660
This is tag1. Serialized size is 172
RSU total packet size is 1213888
This is tag1. Serialized size is 172
RSU total packet size is 1214116
This is tag1. Serialized size is 172
RSU total packet size is 1214344
This is tag1. Serialized size is 172
RSU total packet size is 1214572
This is tag1. Serialized size is 172
RSU total packet size is 1214800
This is tag1. Serialized size is 172
RSU total packet size is 1215028
This is tag1. Serialized size is 172
RSU total packet size is 1215256
This is tag1. Serialized size is 172
RSU total packet size is 1215484
This is tag1. Serialized size is 172
RSU total packet size is 1215712
This is tag1. Serialized size is 172
RSU total packet size is 1215940
This is tag1. Serialized size is 172
RSU total packet size is 1216252
This is tag2. Serialized size is 256
average_latency 0.00 ms
[PDR] Channel-wise: Ch172(133.30m)=100.0% Ch174(133.3m)=100.0% Ch176(133.3m)=100.0% Ch178(282.2m)=100.0% Ch180(67.4m)=100.0% Ch182(67.4m)=100.0% Ch184(214.8m)=100.0% | Avg=100.00%
average packet delivery ratio is 100.00
average jitter is 0.00
average load balance is 100.00
written to file successfully
RSU total packet size is 1216480
This is tag1. Serialized size is 172
RSU total packet size is 1217212
This is tag7. Serialized size is 676
RSU total packet size is 1217440
This is tag1. Serialized size is 172
RSU total packet size is 1218004
This is tag5. Serialized size is 508
RSU total packet size is 1218316
This is tag2. Serialized size is 256
RSU total packet size is 1219300
This is tag10. Serialized size is 928
RSU total packet size is 1219528
This is tag1. Serialized size is 172
RSU total packet size is 1219756
This is tag1. Serialized size is 172
RSU total packet size is 1219984
This is tag1. Serialized size is 172
RSU total packet size is 1220548
This is tag5. Serialized size is 508
RSU total packet size is 1220860
This is tag2. Serialized size is 256
RSU total packet size is 1221172
This is tag2. Serialized size is 256
RSU total packet size is 1221400
This is tag1. Serialized size is 172
RSU total packet size is 1221628
This is tag1. Serialized size is 172
RSU total packet size is 1222192
This is tag5. Serialized size is 508
RSU total packet size is 1222420
This is tag1. Serialized size is 172
RSU total packet size is 1222648
This is tag1. Serialized size is 172
RSU total packet size is 1222876
This is tag1. Serialized size is 172
RSU total packet size is 1223188
This is tag2. Serialized size is 256
RSU total packet size is 1223416
This is tag1. Serialized size is 172
RSU total packet size is 1224064
This is tag6. Serialized size is 592
RSU total packet size is 1224292
This is tag1. Serialized size is 172
RSU total packet size is 1224520
This is tag1. Serialized size is 172
RSU total packet size is 1224748
This is tag1. Serialized size is 172
RSU total packet size is 1224976
This is tag1. Serialized size is 172
RSU total packet size is 1225204
This is tag1. Serialized size is 172
RSU total packet size is 1225516
This is tag2. Serialized size is 256
RSU total packet size is 1225744
This is tag1. Serialized size is 172
RSU total packet size is 1225972
This is tag1. Serialized size is 172
RSU total packet size is 1226200
This is tag1. Serialized size is 172
RSU total packet size is 1226848
This is tag6. Serialized size is 592
RSU total packet size is 1227076
This is tag1. Serialized size is 172
RSU total packet size is 1227304
This is tag1. Serialized size is 172
RSU total packet size is 1227952
This is tag6. Serialized size is 592
RSU total packet size is 1228180
This is tag1. Serialized size is 172
RSU total packet size is 1228576
This is tag3. Serialized size is 340
RSU total packet size is 1228804
This is tag1. Serialized size is 172
RSU total packet size is 1229032
This is tag1. Serialized size is 172
RSU total packet size is 1229260
This is tag1. Serialized size is 172
RSU total packet size is 1229488
This is tag1. Serialized size is 172
RSU total packet size is 1229716
This is tag1. Serialized size is 172
RSU total packet size is 1229944
This is tag1. Serialized size is 172
RSU total packet size is 1230172
This is tag1. Serialized size is 172
RSU total packet size is 1230820
This is tag6. Serialized size is 592
RSU total packet size is 1231132
This is tag2. Serialized size is 256
RSU total packet size is 1231360
This is tag1. Serialized size is 172
RSU total packet size is 1231588
This is tag1. Serialized size is 172
RSU total packet size is 1231816
This is tag1. Serialized size is 172
RSU total packet size is 1232044
This is tag1. Serialized size is 172
RSU total packet size is 1232272
This is tag1. Serialized size is 172
RSU total packet size is 1232500
This is tag1. Serialized size is 172
RSU total packet size is 1232728
This is tag1. Serialized size is 172
RSU total packet size is 1232956
This is tag1. Serialized size is 172
RSU total packet size is 1233184
This is tag1. Serialized size is 172
RSU total packet size is 1233412
This is tag1. Serialized size is 172
RSU total packet size is 1233640
This is tag1. Serialized size is 172
RSU total packet size is 1233868
This is tag1. Serialized size is 172
RSU total packet size is 1234096
This is tag1. Serialized size is 172
RSU total packet size is 1234324
This is tag1. Serialized size is 172
RSU total packet size is 1234552
This is tag1. Serialized size is 172
RSU total packet size is 1234780
This is tag1. Serialized size is 172
RSU total packet size is 1235008
This is tag1. Serialized size is 172
RSU total packet size is 1235236
This is tag1. Serialized size is 172
RSU total packet size is 1235548
This is tag2. Serialized size is 256
average_latency 0.00 ms
[PDR] Channel-wise: Ch172(133.30m)=100.0% Ch174(133.3m)=100.0% Ch176(133.3m)=100.0% Ch178(282.2m)=100.0% Ch180(67.4m)=100.0% Ch182(67.4m)=100.0% Ch184(214.8m)=100.0% | Avg=100.00%
average packet delivery ratio is 100.00
average jitter is 0.00
average load balance is 100.00
written to file successfully
RSU total packet size is 1235776
This is tag1. Serialized size is 172
RSU total packet size is 1236508
This is tag7. Serialized size is 676
RSU total packet size is 1236736
This is tag1. Serialized size is 172
RSU total packet size is 1237300
This is tag5. Serialized size is 508
RSU total packet size is 1237612
This is tag2. Serialized size is 256
RSU total packet size is 1238596
This is tag10. Serialized size is 928
RSU total packet size is 1238824
This is tag1. Serialized size is 172
RSU total packet size is 1239052
This is tag1. Serialized size is 172
RSU total packet size is 1239280
This is tag1. Serialized size is 172
RSU total packet size is 1239844
This is tag5. Serialized size is 508
RSU total packet size is 1240156
This is tag2. Serialized size is 256
RSU total packet size is 1240468
This is tag2. Serialized size is 256
RSU total packet size is 1240696
This is tag1. Serialized size is 172
RSU total packet size is 1240924
This is tag1. Serialized size is 172
RSU total packet size is 1241488
This is tag5. Serialized size is 508
RSU total packet size is 1241716
This is tag1. Serialized size is 172
RSU total packet size is 1241944
This is tag1. Serialized size is 172
RSU total packet size is 1242172
This is tag1. Serialized size is 172
RSU total packet size is 1242484
This is tag2. Serialized size is 256
RSU total packet size is 1242712
This is tag1. Serialized size is 172
RSU total packet size is 1243360
This is tag6. Serialized size is 592
RSU total packet size is 1243588
This is tag1. Serialized size is 172
RSU total packet size is 1243816
This is tag1. Serialized size is 172
RSU total packet size is 1244044
This is tag1. Serialized size is 172
RSU total packet size is 1244272
This is tag1. Serialized size is 172
RSU total packet size is 1244500
This is tag1. Serialized size is 172
RSU total packet size is 1244812
This is tag2. Serialized size is 256
RSU total packet size is 1245040
This is tag1. Serialized size is 172
RSU total packet size is 1245268
This is tag1. Serialized size is 172
RSU total packet size is 1245496
This is tag1. Serialized size is 172
RSU total packet size is 1246144
This is tag6. Serialized size is 592
RSU total packet size is 1246372
This is tag1. Serialized size is 172
RSU total packet size is 1246600
This is tag1. Serialized size is 172
RSU total packet size is 1247248
This is tag6. Serialized size is 592
RSU total packet size is 1247476
This is tag1. Serialized size is 172
RSU total packet size is 1247872
This is tag3. Serialized size is 340
RSU total packet size is 1248100
This is tag1. Serialized size is 172
RSU total packet size is 1248328
This is tag1. Serialized size is 172
RSU total packet size is 1248556
This is tag1. Serialized size is 172
RSU total packet size is 1248784
This is tag1. Serialized size is 172
RSU total packet size is 1249012
This is tag1. Serialized size is 172
RSU total packet size is 1249240
This is tag1. Serialized size is 172
RSU total packet size is 1249468
This is tag1. Serialized size is 172
RSU total packet size is 1250116
This is tag6. Serialized size is 592
RSU total packet size is 1250428
This is tag2. Serialized size is 256
RSU total packet size is 1250656
This is tag1. Serialized size is 172
RSU total packet size is 1250884
This is tag1. Serialized size is 172
RSU total packet size is 1251112
This is tag1. Serialized size is 172
RSU total packet size is 1251340
This is tag1. Serialized size is 172
RSU total packet size is 1251568
This is tag1. Serialized size is 172
RSU total packet size is 1251796
This is tag1. Serialized size is 172
RSU total packet size is 1252024
This is tag1. Serialized size is 172
RSU total packet size is 1252252
This is tag1. Serialized size is 172
RSU total packet size is 1252480
This is tag1. Serialized size is 172
RSU total packet size is 1252708
This is tag1. Serialized size is 172
RSU total packet size is 1252936
This is tag1. Serialized size is 172
RSU total packet size is 1253164
This is tag1. Serialized size is 172
RSU total packet size is 1253392
This is tag1. Serialized size is 172
RSU total packet size is 1253620
This is tag1. Serialized size is 172
RSU total packet size is 1253848
This is tag1. Serialized size is 172
RSU total packet size is 1254076
This is tag1. Serialized size is 172
RSU total packet size is 1254304
This is tag1. Serialized size is 172
RSU total packet size is 1254532
This is tag1. Serialized size is 172
RSU total packet size is 1254844
This is tag2. Serialized size is 256
average_latency 0.00 ms
[PDR] Channel-wise: Ch172(133.30m)=100.0% Ch174(133.3m)=100.0% Ch176(133.3m)=100.0% Ch178(282.2m)=100.0% Ch180(67.4m)=100.0% Ch182(67.4m)=100.0% Ch184(214.8m)=100.0% | Avg=100.00%
average packet delivery ratio is 100.00
average jitter is 0.00
average load balance is 100.00
written to file successfully
RSU total packet size is 1255072
This is tag1. Serialized size is 172
RSU total packet size is 1255804
This is tag7. Serialized size is 676
RSU total packet size is 1256032
This is tag1. Serialized size is 172
RSU total packet size is 1256596
This is tag5. Serialized size is 508
RSU total packet size is 1256908
This is tag2. Serialized size is 256
RSU total packet size is 1257892
This is tag10. Serialized size is 928
RSU total packet size is 1258120
This is tag1. Serialized size is 172
RSU total packet size is 1258348
This is tag1. Serialized size is 172
RSU total packet size is 1258576
This is tag1. Serialized size is 172
RSU total packet size is 1259140
This is tag5. Serialized size is 508
RSU total packet size is 1259452
This is tag2. Serialized size is 256
RSU total packet size is 1259764
This is tag2. Serialized size is 256
RSU total packet size is 1259992
This is tag1. Serialized size is 172
RSU total packet size is 1260220
This is tag1. Serialized size is 172
RSU total packet size is 1260784
This is tag5. Serialized size is 508
RSU total packet size is 1261012
This is tag1. Serialized size is 172
RSU total packet size is 1261240
This is tag1. Serialized size is 172
RSU total packet size is 1261468
This is tag1. Serialized size is 172
RSU total packet size is 1261780
This is tag2. Serialized size is 256
RSU total packet size is 1262008
This is tag1. Serialized size is 172
RSU total packet size is 1262656
This is tag6. Serialized size is 592
RSU total packet size is 1262884
This is tag1. Serialized size is 172
RSU total packet size is 1263112
This is tag1. Serialized size is 172
RSU total packet size is 1263340
This is tag1. Serialized size is 172
RSU total packet size is 1263568
This is tag1. Serialized size is 172
RSU total packet size is 1263796
This is tag1. Serialized size is 172
RSU total packet size is 1264108
This is tag2. Serialized size is 256
RSU total packet size is 1264336
This is tag1. Serialized size is 172
RSU total packet size is 1264564
This is tag1. Serialized size is 172
RSU total packet size is 1264792
This is tag1. Serialized size is 172
RSU total packet size is 1265440
This is tag6. Serialized size is 592
RSU total packet size is 1265668
This is tag1. Serialized size is 172
RSU total packet size is 1265896
This is tag1. Serialized size is 172
RSU total packet size is 1266544
This is tag6. Serialized size is 592
RSU total packet size is 1266772
This is tag1. Serialized size is 172
RSU total packet size is 1267168
This is tag3. Serialized size is 340
RSU total packet size is 1267396
This is tag1. Serialized size is 172
RSU total packet size is 1267624
This is tag1. Serialized size is 172
RSU total packet size is 1267852
This is tag1. Serialized size is 172
RSU total packet size is 1268080
This is tag1. Serialized size is 172
RSU total packet size is 1268308
This is tag1. Serialized size is 172
RSU total packet size is 1268536
This is tag1. Serialized size is 172
RSU total packet size is 1268764
This is tag1. Serialized size is 172
RSU total packet size is 1269412
This is tag6. Serialized size is 592
RSU total packet size is 1269724
This is tag2. Serialized size is 256
RSU total packet size is 1269952
This is tag1. Serialized size is 172
RSU total packet size is 1270180
This is tag1. Serialized size is 172
RSU total packet size is 1270408
This is tag1. Serialized size is 172
RSU total packet size is 1270636
This is tag1. Serialized size is 172
RSU total packet size is 1270864
This is tag1. Serialized size is 172
RSU total packet size is 1271092
This is tag1. Serialized size is 172
RSU total packet size is 1271320
This is tag1. Serialized size is 172
RSU total packet size is 1271548
This is tag1. Serialized size is 172
RSU total packet size is 1271776
This is tag1. Serialized size is 172
RSU total packet size is 1272004
This is tag1. Serialized size is 172
RSU total packet size is 1272232
This is tag1. Serialized size is 172
RSU total packet size is 1272460
This is tag1. Serialized size is 172
RSU total packet size is 1272688
This is tag1. Serialized size is 172
RSU total packet size is 1272916
This is tag1. Serialized size is 172
RSU total packet size is 1273144
This is tag1. Serialized size is 172
RSU total packet size is 1273372
This is tag1. Serialized size is 172
RSU total packet size is 1273600
This is tag1. Serialized size is 172
RSU total packet size is 1273828
This is tag1. Serialized size is 172
RSU total packet size is 1274140
This is tag2. Serialized size is 256
average_latency 0.00 ms
[PDR] Channel-wise: Ch172(133.30m)=100.0% Ch174(133.3m)=100.0% Ch176(133.3m)=100.0% Ch178(282.2m)=100.0% Ch180(67.4m)=100.0% Ch182(67.4m)=100.0% Ch184(214.8m)=100.0% | Avg=100.00%
average packet delivery ratio is 100.00
average jitter is 0.00
average load balance is 100.00
written to file successfully
RSU total packet size is 1274368
This is tag1. Serialized size is 172
RSU total packet size is 1275100
This is tag7. Serialized size is 676
RSU total packet size is 1275328
This is tag1. Serialized size is 172
RSU total packet size is 1275892
This is tag5. Serialized size is 508
RSU total packet size is 1276204
This is tag2. Serialized size is 256
RSU total packet size is 1277188
This is tag10. Serialized size is 928
RSU total packet size is 1277416
This is tag1. Serialized size is 172
RSU total packet size is 1277644
This is tag1. Serialized size is 172
RSU total packet size is 1277872
This is tag1. Serialized size is 172
RSU total packet size is 1278436
This is tag5. Serialized size is 508
RSU total packet size is 1278748
This is tag2. Serialized size is 256
RSU total packet size is 1279060
This is tag2. Serialized size is 256
RSU total packet size is 1279288
This is tag1. Serialized size is 172
RSU total packet size is 1279516
This is tag1. Serialized size is 172
RSU total packet size is 1280080
This is tag5. Serialized size is 508
RSU total packet size is 1280308
This is tag1. Serialized size is 172
RSU total packet size is 1280536
This is tag1. Serialized size is 172
RSU total packet size is 1280764
This is tag1. Serialized size is 172
RSU total packet size is 1281076
This is tag2. Serialized size is 256
RSU total packet size is 1281304
This is tag1. Serialized size is 172
RSU total packet size is 1281952
This is tag6. Serialized size is 592
RSU total packet size is 1282180
This is tag1. Serialized size is 172
RSU total packet size is 1282408
This is tag1. Serialized size is 172
RSU total packet size is 1282636
This is tag1. Serialized size is 172
RSU total packet size is 1282864
This is tag1. Serialized size is 172
RSU total packet size is 1283092
This is tag1. Serialized size is 172
RSU total packet size is 1283404
This is tag2. Serialized size is 256
RSU total packet size is 1283632
This is tag1. Serialized size is 172
RSU total packet size is 1283860
This is tag1. Serialized size is 172
RSU total packet size is 1284088
This is tag1. Serialized size is 172
RSU total packet size is 1284736
This is tag6. Serialized size is 592
RSU total packet size is 1284964
This is tag1. Serialized size is 172
RSU total packet size is 1285192
This is tag1. Serialized size is 172
RSU total packet size is 1285840
This is tag6. Serialized size is 592
RSU total packet size is 1286068
This is tag1. Serialized size is 172
RSU total packet size is 1286464
This is tag3. Serialized size is 340
RSU total packet size is 1286692
This is tag1. Serialized size is 172
RSU total packet size is 1286920
This is tag1. Serialized size is 172
RSU total packet size is 1287148
This is tag1. Serialized size is 172
RSU total packet size is 1287376
This is tag1. Serialized size is 172
RSU total packet size is 1287604
This is tag1. Serialized size is 172
RSU total packet size is 1287832
This is tag1. Serialized size is 172
RSU total packet size is 1288060
This is tag1. Serialized size is 172
RSU total packet size is 1288708
This is tag6. Serialized size is 592
RSU total packet size is 1289020
This is tag2. Serialized size is 256
RSU total packet size is 1289248
This is tag1. Serialized size is 172
RSU total packet size is 1289476
This is tag1. Serialized size is 172
RSU total packet size is 1289704
This is tag1. Serialized size is 172
RSU total packet size is 1289932
This is tag1. Serialized size is 172
RSU total packet size is 1290160
This is tag1. Serialized size is 172
RSU total packet size is 1290388
This is tag1. Serialized size is 172
RSU total packet size is 1290616
This is tag1. Serialized size is 172
RSU total packet size is 1290844
This is tag1. Serialized size is 172
RSU total packet size is 1291072
This is tag1. Serialized size is 172
RSU total packet size is 1291300
This is tag1. Serialized size is 172
RSU total packet size is 1291528
This is tag1. Serialized size is 172
RSU total packet size is 1291756
This is tag1. Serialized size is 172
RSU total packet size is 1291984
This is tag1. Serialized size is 172
RSU total packet size is 1292212
This is tag1. Serialized size is 172
RSU total packet size is 1292440
This is tag1. Serialized size is 172
RSU total packet size is 1292668
This is tag1. Serialized size is 172
RSU total packet size is 1292896
This is tag1. Serialized size is 172
RSU total packet size is 1293124
This is tag1. Serialized size is 172
RSU total packet size is 1293436
This is tag2. Serialized size is 256
average_latency 0.00 ms
[PDR] Channel-wise: Ch172(133.30m)=100.0% Ch174(133.3m)=100.0% Ch176(133.3m)=100.0% Ch178(282.2m)=100.0% Ch180(67.4m)=100.0% Ch182(67.4m)=100.0% Ch184(214.8m)=100.0% | Avg=100.00%
average packet delivery ratio is 100.00
average jitter is 0.00
average load balance is 100.00
written to file successfully
RSU total packet size is 1293664
This is tag1. Serialized size is 172
RSU total packet size is 1294396
This is tag7. Serialized size is 676
RSU total packet size is 1294624
This is tag1. Serialized size is 172
RSU total packet size is 1295188
This is tag5. Serialized size is 508
RSU total packet size is 1295500
This is tag2. Serialized size is 256
RSU total packet size is 1296484
This is tag10. Serialized size is 928
RSU total packet size is 1296712
This is tag1. Serialized size is 172
RSU total packet size is 1296940
This is tag1. Serialized size is 172
RSU total packet size is 1297168
This is tag1. Serialized size is 172
RSU total packet size is 1297732
This is tag5. Serialized size is 508
RSU total packet size is 1298044
This is tag2. Serialized size is 256
RSU total packet size is 1298356
This is tag2. Serialized size is 256
RSU total packet size is 1298584
This is tag1. Serialized size is 172
RSU total packet size is 1298812
This is tag1. Serialized size is 172
RSU total packet size is 1299376
This is tag5. Serialized size is 508
RSU total packet size is 1299604
This is tag1. Serialized size is 172
RSU total packet size is 1299832
This is tag1. Serialized size is 172
RSU total packet size is 1300060
This is tag1. Serialized size is 172
RSU total packet size is 1300372
This is tag2. Serialized size is 256
RSU total packet size is 1300600
This is tag1. Serialized size is 172
RSU total packet size is 1301248
This is tag6. Serialized size is 592
RSU total packet size is 1301476
This is tag1. Serialized size is 172
RSU total packet size is 1301704
This is tag1. Serialized size is 172
RSU total packet size is 1301932
This is tag1. Serialized size is 172
RSU total packet size is 1302160
This is tag1. Serialized size is 172
RSU total packet size is 1302388
This is tag1. Serialized size is 172
RSU total packet size is 1302700
This is tag2. Serialized size is 256
RSU total packet size is 1302928
This is tag1. Serialized size is 172
RSU total packet size is 1303156
This is tag1. Serialized size is 172
RSU total packet size is 1303384
This is tag1. Serialized size is 172
RSU total packet size is 1304032
This is tag6. Serialized size is 592
RSU total packet size is 1304260
This is tag1. Serialized size is 172
RSU total packet size is 1304488
This is tag1. Serialized size is 172
RSU total packet size is 1305136
This is tag6. Serialized size is 592
RSU total packet size is 1305364
This is tag1. Serialized size is 172
RSU total packet size is 1305760
This is tag3. Serialized size is 340
RSU total packet size is 1305988
This is tag1. Serialized size is 172
RSU total packet size is 1306216
This is tag1. Serialized size is 172
RSU total packet size is 1306444
This is tag1. Serialized size is 172
RSU total packet size is 1306672
This is tag1. Serialized size is 172
RSU total packet size is 1306900
This is tag1. Serialized size is 172
RSU total packet size is 1307128
This is tag1. Serialized size is 172
RSU total packet size is 1307356
This is tag1. Serialized size is 172
RSU total packet size is 1308004
This is tag6. Serialized size is 592
RSU total packet size is 1308316
This is tag2. Serialized size is 256
RSU total packet size is 1308544
This is tag1. Serialized size is 172
RSU total packet size is 1308772
This is tag1. Serialized size is 172
RSU total packet size is 1309000
This is tag1. Serialized size is 172
RSU total packet size is 1309228
This is tag1. Serialized size is 172
RSU total packet size is 1309456
This is tag1. Serialized size is 172
RSU total packet size is 1309684
This is tag1. Serialized size is 172
RSU total packet size is 1309912
This is tag1. Serialized size is 172
RSU total packet size is 1310140
This is tag1. Serialized size is 172
RSU total packet size is 1310368
This is tag1. Serialized size is 172
RSU total packet size is 1310596
This is tag1. Serialized size is 172
RSU total packet size is 1310824
This is tag1. Serialized size is 172
RSU total packet size is 1311052
This is tag1. Serialized size is 172
RSU total packet size is 1311280
This is tag1. Serialized size is 172
RSU total packet size is 1311508
This is tag1. Serialized size is 172
RSU total packet size is 1311736
This is tag1. Serialized size is 172
RSU total packet size is 1311964
This is tag1. Serialized size is 172
RSU total packet size is 1312192
This is tag1. Serialized size is 172
RSU total packet size is 1312420
This is tag1. Serialized size is 172
RSU total packet size is 1312732
This is tag2. Serialized size is 256
average_latency 0.00 ms
[PDR] Channel-wise: Ch172(133.30m)=100.0% Ch174(133.3m)=100.0% Ch176(133.3m)=100.0% Ch178(282.2m)=100.0% Ch180(67.4m)=100.0% Ch182(67.4m)=100.0% Ch184(214.8m)=100.0% | Avg=100.00%
average packet delivery ratio is 100.00
average jitter is 0.00
average load balance is 100.00
written to file successfully
RSU total packet size is 1312960
This is tag1. Serialized size is 172
RSU total packet size is 1313692
This is tag7. Serialized size is 676
RSU total packet size is 1313920
This is tag1. Serialized size is 172
RSU total packet size is 1314484
This is tag5. Serialized size is 508
RSU total packet size is 1314796
This is tag2. Serialized size is 256
RSU total packet size is 1315780
This is tag10. Serialized size is 928
RSU total packet size is 1316008
This is tag1. Serialized size is 172
RSU total packet size is 1316236
This is tag1. Serialized size is 172
RSU total packet size is 1316464
This is tag1. Serialized size is 172
RSU total packet size is 1317028
This is tag5. Serialized size is 508
RSU total packet size is 1317340
This is tag2. Serialized size is 256
RSU total packet size is 1317652
This is tag2. Serialized size is 256
RSU total packet size is 1317880
This is tag1. Serialized size is 172
RSU total packet size is 1318108
This is tag1. Serialized size is 172
RSU total packet size is 1318672
This is tag5. Serialized size is 508
RSU total packet size is 1318900
This is tag1. Serialized size is 172
RSU total packet size is 1319128
This is tag1. Serialized size is 172
RSU total packet size is 1319356
This is tag1. Serialized size is 172
RSU total packet size is 1319668
This is tag2. Serialized size is 256
RSU total packet size is 1319896
This is tag1. Serialized size is 172
RSU total packet size is 1320544
This is tag6. Serialized size is 592
RSU total packet size is 1320772
This is tag1. Serialized size is 172
RSU total packet size is 1321000
This is tag1. Serialized size is 172
RSU total packet size is 1321228
This is tag1. Serialized size is 172
RSU total packet size is 1321456
This is tag1. Serialized size is 172
RSU total packet size is 1321684
This is tag1. Serialized size is 172
RSU total packet size is 1321996
This is tag2. Serialized size is 256
RSU total packet size is 1322224
This is tag1. Serialized size is 172
RSU total packet size is 1322452
This is tag1. Serialized size is 172
RSU total packet size is 1322680
This is tag1. Serialized size is 172
RSU total packet size is 1323328
This is tag6. Serialized size is 592
RSU total packet size is 1323556
This is tag1. Serialized size is 172
RSU total packet size is 1323784
This is tag1. Serialized size is 172
RSU total packet size is 1324432
This is tag6. Serialized size is 592
RSU total packet size is 1324660
This is tag1. Serialized size is 172
RSU total packet size is 1325056
This is tag3. Serialized size is 340
RSU total packet size is 1325284
This is tag1. Serialized size is 172
RSU total packet size is 1325512
This is tag1. Serialized size is 172
RSU total packet size is 1325740
This is tag1. Serialized size is 172
RSU total packet size is 1325968
This is tag1. Serialized size is 172
RSU total packet size is 1326196
This is tag1. Serialized size is 172
RSU total packet size is 1326424
This is tag1. Serialized size is 172
RSU total packet size is 1326652
This is tag1. Serialized size is 172
RSU total packet size is 1327300
This is tag6. Serialized size is 592
RSU total packet size is 1327612
This is tag2. Serialized size is 256
RSU total packet size is 1327840
This is tag1. Serialized size is 172
RSU total packet size is 1328068
This is tag1. Serialized size is 172
RSU total packet size is 1328296
This is tag1. Serialized size is 172
RSU total packet size is 1328524
This is tag1. Serialized size is 172
RSU total packet size is 1328752
This is tag1. Serialized size is 172
RSU total packet size is 1328980
This is tag1. Serialized size is 172
RSU total packet size is 1329208
This is tag1. Serialized size is 172
RSU total packet size is 1329436
This is tag1. Serialized size is 172
RSU total packet size is 1329664
This is tag1. Serialized size is 172
RSU total packet size is 1329892
This is tag1. Serialized size is 172
RSU total packet size is 1330120
This is tag1. Serialized size is 172
RSU total packet size is 1330348
This is tag1. Serialized size is 172
RSU total packet size is 1330576
This is tag1. Serialized size is 172
RSU total packet size is 1330804
This is tag1. Serialized size is 172
RSU total packet size is 1331032
This is tag1. Serialized size is 172
RSU total packet size is 1331260
This is tag1. Serialized size is 172
RSU total packet size is 1331488
This is tag1. Serialized size is 172
RSU total packet size is 1331716
This is tag1. Serialized size is 172
RSU total packet size is 1332028
This is tag2. Serialized size is 256
average_latency 0.00 ms
[PDR] Channel-wise: Ch172(133.30m)=100.0% Ch174(133.3m)=100.0% Ch176(133.3m)=100.0% Ch178(282.2m)=100.0% Ch180(67.4m)=100.0% Ch182(67.4m)=100.0% Ch184(214.8m)=100.0% | Avg=100.00%
average packet delivery ratio is 100.00
average jitter is 0.00
average load balance is 100.00
written to file successfully
RSU total packet size is 1332256
This is tag1. Serialized size is 172
RSU total packet size is 1332988
This is tag7. Serialized size is 676
RSU total packet size is 1333216
This is tag1. Serialized size is 172
RSU total packet size is 1333780
This is tag5. Serialized size is 508
RSU total packet size is 1334092
This is tag2. Serialized size is 256
RSU total packet size is 1335076
This is tag10. Serialized size is 928
RSU total packet size is 1335304
This is tag1. Serialized size is 172
RSU total packet size is 1335532
This is tag1. Serialized size is 172
RSU total packet size is 1335760
This is tag1. Serialized size is 172
RSU total packet size is 1336324
This is tag5. Serialized size is 508
RSU total packet size is 1336636
This is tag2. Serialized size is 256
RSU total packet size is 1336948
This is tag2. Serialized size is 256
RSU total packet size is 1337176
This is tag1. Serialized size is 172
RSU total packet size is 1337404
This is tag1. Serialized size is 172
RSU total packet size is 1337968
This is tag5. Serialized size is 508
RSU total packet size is 1338196
This is tag1. Serialized size is 172
RSU total packet size is 1338424
This is tag1. Serialized size is 172
RSU total packet size is 1338652
This is tag1. Serialized size is 172
RSU total packet size is 1338964
This is tag2. Serialized size is 256
RSU total packet size is 1339192
This is tag1. Serialized size is 172
RSU total packet size is 1339840
This is tag6. Serialized size is 592
RSU total packet size is 1340068
This is tag1. Serialized size is 172
RSU total packet size is 1340296
This is tag1. Serialized size is 172
RSU total packet size is 1340524
This is tag1. Serialized size is 172
RSU total packet size is 1340752
This is tag1. Serialized size is 172
RSU total packet size is 1340980
This is tag1. Serialized size is 172
RSU total packet size is 1341292
This is tag2. Serialized size is 256
RSU total packet size is 1341520
This is tag1. Serialized size is 172
RSU total packet size is 1341748
This is tag1. Serialized size is 172
RSU total packet size is 1341976
This is tag1. Serialized size is 172
RSU total packet size is 1342624
This is tag6. Serialized size is 592
RSU total packet size is 1342852
This is tag1. Serialized size is 172
RSU total packet size is 1343080
This is tag1. Serialized size is 172
RSU total packet size is 1343728
This is tag6. Serialized size is 592
RSU total packet size is 1343956
This is tag1. Serialized size is 172
RSU total packet size is 1344352
This is tag3. Serialized size is 340
RSU total packet size is 1344580
This is tag1. Serialized size is 172
RSU total packet size is 1344808
This is tag1. Serialized size is 172
RSU total packet size is 1345036
This is tag1. Serialized size is 172
RSU total packet size is 1345264
This is tag1. Serialized size is 172
RSU total packet size is 1345492
This is tag1. Serialized size is 172
RSU total packet size is 1345720
This is tag1. Serialized size is 172
RSU total packet size is 1345948
This is tag1. Serialized size is 172
RSU total packet size is 1346596
This is tag6. Serialized size is 592
RSU total packet size is 1346908
This is tag2. Serialized size is 256
RSU total packet size is 1347136
This is tag1. Serialized size is 172
RSU total packet size is 1347364
This is tag1. Serialized size is 172
RSU total packet size is 1347592
This is tag1. Serialized size is 172
RSU total packet size is 1347820
This is tag1. Serialized size is 172
RSU total packet size is 1348048
This is tag1. Serialized size is 172
RSU total packet size is 1348276
This is tag1. Serialized size is 172
RSU total packet size is 1348504
This is tag1. Serialized size is 172
RSU total packet size is 1348732
This is tag1. Serialized size is 172
RSU total packet size is 1348960
This is tag1. Serialized size is 172
RSU total packet size is 1349188
This is tag1. Serialized size is 172
RSU total packet size is 1349416
This is tag1. Serialized size is 172
RSU total packet size is 1349644
This is tag1. Serialized size is 172
RSU total packet size is 1349872
This is tag1. Serialized size is 172
RSU total packet size is 1350100
This is tag1. Serialized size is 172
RSU total packet size is 1350328
This is tag1. Serialized size is 172
RSU total packet size is 1350556
This is tag1. Serialized size is 172
RSU total packet size is 1350784
This is tag1. Serialized size is 172
RSU total packet size is 1351012
This is tag1. Serialized size is 172
RSU total packet size is 1351324
This is tag2. Serialized size is 256
average_latency 0.00 ms
[PDR] Channel-wise: Ch172(133.30m)=100.0% Ch174(133.3m)=100.0% Ch176(133.3m)=100.0% Ch178(282.2m)=100.0% Ch180(67.4m)=100.0% Ch182(67.4m)=100.0% Ch184(214.8m)=100.0% | Avg=100.00%
average packet delivery ratio is 100.00
average jitter is 0.00
average load balance is 100.00
written to file successfully
RSU total packet size is 1351552
This is tag1. Serialized size is 172
RSU total packet size is 1352284
This is tag7. Serialized size is 676
RSU total packet size is 1352512
This is tag1. Serialized size is 172
RSU total packet size is 1353076
This is tag5. Serialized size is 508
RSU total packet size is 1353388
This is tag2. Serialized size is 256
RSU total packet size is 1354372
This is tag10. Serialized size is 928
RSU total packet size is 1354600
This is tag1. Serialized size is 172
RSU total packet size is 1354828
This is tag1. Serialized size is 172
RSU total packet size is 1355056
This is tag1. Serialized size is 172
RSU total packet size is 1355620
This is tag5. Serialized size is 508
RSU total packet size is 1355932
This is tag2. Serialized size is 256
RSU total packet size is 1356244
This is tag2. Serialized size is 256
RSU total packet size is 1356472
This is tag1. Serialized size is 172
RSU total packet size is 1356700
This is tag1. Serialized size is 172
RSU total packet size is 1357264
This is tag5. Serialized size is 508
RSU total packet size is 1357492
This is tag1. Serialized size is 172
RSU total packet size is 1357720
This is tag1. Serialized size is 172
RSU total packet size is 1357948
This is tag1. Serialized size is 172
RSU total packet size is 1358260
This is tag2. Serialized size is 256
RSU total packet size is 1358488
This is tag1. Serialized size is 172
RSU total packet size is 1359136
This is tag6. Serialized size is 592
RSU total packet size is 1359364
This is tag1. Serialized size is 172
RSU total packet size is 1359592
This is tag1. Serialized size is 172
RSU total packet size is 1359820
This is tag1. Serialized size is 172
RSU total packet size is 1360048
This is tag1. Serialized size is 172
RSU total packet size is 1360276
This is tag1. Serialized size is 172
RSU total packet size is 1360588
This is tag2. Serialized size is 256
RSU total packet size is 1360816
This is tag1. Serialized size is 172
RSU total packet size is 1361044
This is tag1. Serialized size is 172
RSU total packet size is 1361272
This is tag1. Serialized size is 172
RSU total packet size is 1361920
This is tag6. Serialized size is 592
RSU total packet size is 1362148
This is tag1. Serialized size is 172
RSU total packet size is 1362376
This is tag1. Serialized size is 172
RSU total packet size is 1363024
This is tag6. Serialized size is 592
RSU total packet size is 1363252
This is tag1. Serialized size is 172
RSU total packet size is 1363648
This is tag3. Serialized size is 340
RSU total packet size is 1363876
This is tag1. Serialized size is 172
RSU total packet size is 1364104
This is tag1. Serialized size is 172
RSU total packet size is 1364332
This is tag1. Serialized size is 172
RSU total packet size is 1364560
This is tag1. Serialized size is 172
RSU total packet size is 1364788
This is tag1. Serialized size is 172
RSU total packet size is 1365016
This is tag1. Serialized size is 172
RSU total packet size is 1365244
This is tag1. Serialized size is 172
RSU total packet size is 1365892
This is tag6. Serialized size is 592
RSU total packet size is 1366204
This is tag2. Serialized size is 256
RSU total packet size is 1366432
This is tag1. Serialized size is 172
RSU total packet size is 1366660
This is tag1. Serialized size is 172
RSU total packet size is 1366888
This is tag1. Serialized size is 172
RSU total packet size is 1367116
This is tag1. Serialized size is 172
RSU total packet size is 1367344
This is tag1. Serialized size is 172
RSU total packet size is 1367572
This is tag1. Serialized size is 172
RSU total packet size is 1367800
This is tag1. Serialized size is 172
RSU total packet size is 1368028
This is tag1. Serialized size is 172
RSU total packet size is 1368256
This is tag1. Serialized size is 172
RSU total packet size is 1368484
This is tag1. Serialized size is 172
RSU total packet size is 1368712
This is tag1. Serialized size is 172
RSU total packet size is 1368940
This is tag1. Serialized size is 172
RSU total packet size is 1369168
This is tag1. Serialized size is 172
RSU total packet size is 1369396
This is tag1. Serialized size is 172
RSU total packet size is 1369624
This is tag1. Serialized size is 172
RSU total packet size is 1369852
This is tag1. Serialized size is 172
RSU total packet size is 1370080
This is tag1. Serialized size is 172
RSU total packet size is 1370308
This is tag1. Serialized size is 172
RSU total packet size is 1370620
This is tag2. Serialized size is 256
average_latency 0.00 ms
[PDR] Channel-wise: Ch172(133.30m)=100.0% Ch174(133.3m)=100.0% Ch176(133.3m)=100.0% Ch178(282.2m)=100.0% Ch180(67.4m)=100.0% Ch182(67.4m)=100.0% Ch184(214.8m)=100.0% | Avg=100.00%
average packet delivery ratio is 100.00
average jitter is 0.00
average load balance is 100.00
written to file successfully
RSU total packet size is 1370848
This is tag1. Serialized size is 172
RSU total packet size is 1371580
This is tag7. Serialized size is 676
RSU total packet size is 1371808
This is tag1. Serialized size is 172
RSU total packet size is 1372372
This is tag5. Serialized size is 508
RSU total packet size is 1372684
This is tag2. Serialized size is 256
RSU total packet size is 1373668
This is tag10. Serialized size is 928
RSU total packet size is 1373896
This is tag1. Serialized size is 172
RSU total packet size is 1374124
This is tag1. Serialized size is 172
RSU total packet size is 1374352
This is tag1. Serialized size is 172
RSU total packet size is 1374916
This is tag5. Serialized size is 508
RSU total packet size is 1375228
This is tag2. Serialized size is 256
RSU total packet size is 1375540
This is tag2. Serialized size is 256
RSU total packet size is 1375768
This is tag1. Serialized size is 172
RSU total packet size is 1375996
This is tag1. Serialized size is 172
RSU total packet size is 1376560
This is tag5. Serialized size is 508
RSU total packet size is 1376788
This is tag1. Serialized size is 172
RSU total packet size is 1377016
This is tag1. Serialized size is 172
RSU total packet size is 1377244
This is tag1. Serialized size is 172
RSU total packet size is 1377556
This is tag2. Serialized size is 256
RSU total packet size is 1377784
This is tag1. Serialized size is 172
RSU total packet size is 1378432
This is tag6. Serialized size is 592
RSU total packet size is 1378660
This is tag1. Serialized size is 172
RSU total packet size is 1378888
This is tag1. Serialized size is 172
RSU total packet size is 1379116
This is tag1. Serialized size is 172
RSU total packet size is 1379344
This is tag1. Serialized size is 172
RSU total packet size is 1379572
This is tag1. Serialized size is 172
RSU total packet size is 1379884
This is tag2. Serialized size is 256
RSU total packet size is 1380112
This is tag1. Serialized size is 172
RSU total packet size is 1380340
This is tag1. Serialized size is 172
RSU total packet size is 1380568
This is tag1. Serialized size is 172
RSU total packet size is 1381216
This is tag6. Serialized size is 592
RSU total packet size is 1381444
This is tag1. Serialized size is 172
RSU total packet size is 1381672
This is tag1. Serialized size is 172
RSU total packet size is 1382320
This is tag6. Serialized size is 592
RSU total packet size is 1382548
This is tag1. Serialized size is 172
RSU total packet size is 1382944
This is tag3. Serialized size is 340
RSU total packet size is 1383172
This is tag1. Serialized size is 172
RSU total packet size is 1383400
This is tag1. Serialized size is 172
RSU total packet size is 1383628
This is tag1. Serialized size is 172
RSU total packet size is 1383856
This is tag1. Serialized size is 172
RSU total packet size is 1384084
This is tag1. Serialized size is 172
RSU total packet size is 1384312
This is tag1. Serialized size is 172
RSU total packet size is 1384540
This is tag1. Serialized size is 172
RSU total packet size is 1385188
This is tag6. Serialized size is 592
RSU total packet size is 1385500
This is tag2. Serialized size is 256
RSU total packet size is 1385728
This is tag1. Serialized size is 172
RSU total packet size is 1385956
This is tag1. Serialized size is 172
RSU total packet size is 1386184
This is tag1. Serialized size is 172
RSU total packet size is 1386412
This is tag1. Serialized size is 172
RSU total packet size is 1386640
This is tag1. Serialized size is 172
RSU total packet size is 1386868
This is tag1. Serialized size is 172
RSU total packet size is 1387096
This is tag1. Serialized size is 172
RSU total packet size is 1387324
This is tag1. Serialized size is 172
RSU total packet size is 1387552
This is tag1. Serialized size is 172
RSU total packet size is 1387780
This is tag1. Serialized size is 172
RSU total packet size is 1388008
This is tag1. Serialized size is 172
RSU total packet size is 1388236
This is tag1. Serialized size is 172
RSU total packet size is 1388464
This is tag1. Serialized size is 172
RSU total packet size is 1388692
This is tag1. Serialized size is 172
RSU total packet size is 1388920
This is tag1. Serialized size is 172
RSU total packet size is 1389148
This is tag1. Serialized size is 172
RSU total packet size is 1389376
This is tag1. Serialized size is 172
RSU total packet size is 1389604
This is tag1. Serialized size is 172
RSU total packet size is 1389916
This is tag2. Serialized size is 256
average_latency 0.00 ms
[PDR] Channel-wise: Ch172(133.30m)=100.0% Ch174(133.3m)=100.0% Ch176(133.3m)=100.0% Ch178(282.2m)=100.0% Ch180(67.4m)=100.0% Ch182(67.4m)=100.0% Ch184(214.8m)=100.0% | Avg=100.00%
average packet delivery ratio is 100.00
average jitter is 0.00
average load balance is 100.00
written to file successfully
RSU total packet size is 1390144
This is tag1. Serialized size is 172
RSU total packet size is 1390876
This is tag7. Serialized size is 676
RSU total packet size is 1391104
This is tag1. Serialized size is 172
RSU total packet size is 1391668
This is tag5. Serialized size is 508
RSU total packet size is 1391980
This is tag2. Serialized size is 256
RSU total packet size is 1392964
This is tag10. Serialized size is 928
RSU total packet size is 1393192
This is tag1. Serialized size is 172
RSU total packet size is 1393420
This is tag1. Serialized size is 172
RSU total packet size is 1393648
This is tag1. Serialized size is 172
RSU total packet size is 1394212
This is tag5. Serialized size is 508
RSU total packet size is 1394524
This is tag2. Serialized size is 256
RSU total packet size is 1394836
This is tag2. Serialized size is 256
RSU total packet size is 1395064
This is tag1. Serialized size is 172
RSU total packet size is 1395292
This is tag1. Serialized size is 172
RSU total packet size is 1395856
This is tag5. Serialized size is 508
RSU total packet size is 1396084
This is tag1. Serialized size is 172
RSU total packet size is 1396312
This is tag1. Serialized size is 172
RSU total packet size is 1396540
This is tag1. Serialized size is 172
RSU total packet size is 1396852
This is tag2. Serialized size is 256
RSU total packet size is 1397080
This is tag1. Serialized size is 172
RSU total packet size is 1397728
This is tag6. Serialized size is 592
RSU total packet size is 1397956
This is tag1. Serialized size is 172
RSU total packet size is 1398184
This is tag1. Serialized size is 172
RSU total packet size is 1398412
This is tag1. Serialized size is 172
RSU total packet size is 1398640
This is tag1. Serialized size is 172
RSU total packet size is 1398868
This is tag1. Serialized size is 172
RSU total packet size is 1399180
This is tag2. Serialized size is 256
RSU total packet size is 1399408
This is tag1. Serialized size is 172
RSU total packet size is 1399636
This is tag1. Serialized size is 172
RSU total packet size is 1399864
This is tag1. Serialized size is 172
RSU total packet size is 1400512
This is tag6. Serialized size is 592
RSU total packet size is 1400740
This is tag1. Serialized size is 172
RSU total packet size is 1400968
This is tag1. Serialized size is 172
RSU total packet size is 1401616
This is tag6. Serialized size is 592
RSU total packet size is 1401844
This is tag1. Serialized size is 172
RSU total packet size is 1402240
This is tag3. Serialized size is 340
RSU total packet size is 1402468
This is tag1. Serialized size is 172
RSU total packet size is 1402696
This is tag1. Serialized size is 172
RSU total packet size is 1402924
This is tag1. Serialized size is 172
RSU total packet size is 1403152
This is tag1. Serialized size is 172
RSU total packet size is 1403380
This is tag1. Serialized size is 172
RSU total packet size is 1403608
This is tag1. Serialized size is 172
RSU total packet size is 1403836
This is tag1. Serialized size is 172
RSU total packet size is 1404484
This is tag6. Serialized size is 592
RSU total packet size is 1404796
This is tag2. Serialized size is 256
RSU total packet size is 1405024
This is tag1. Serialized size is 172
RSU total packet size is 1405252
This is tag1. Serialized size is 172
RSU total packet size is 1405480
This is tag1. Serialized size is 172
RSU total packet size is 1405708
This is tag1. Serialized size is 172
RSU total packet size is 1405936
This is tag1. Serialized size is 172
RSU total packet size is 1406164
This is tag1. Serialized size is 172
RSU total packet size is 1406392
This is tag1. Serialized size is 172
RSU total packet size is 1406620
This is tag1. Serialized size is 172
RSU total packet size is 1406848
This is tag1. Serialized size is 172
RSU total packet size is 1407076
This is tag1. Serialized size is 172
RSU total packet size is 1407304
This is tag1. Serialized size is 172
RSU total packet size is 1407532
This is tag1. Serialized size is 172
RSU total packet size is 1407760
This is tag1. Serialized size is 172
RSU total packet size is 1407988
This is tag1. Serialized size is 172
RSU total packet size is 1408216
This is tag1. Serialized size is 172
RSU total packet size is 1408444
This is tag1. Serialized size is 172
RSU total packet size is 1408672
This is tag1. Serialized size is 172
RSU total packet size is 1408900
This is tag1. Serialized size is 172
RSU total packet size is 1409212
This is tag2. Serialized size is 256
average_latency 0.00 ms
[PDR] Channel-wise: Ch172(133.30m)=100.0% Ch174(133.3m)=100.0% Ch176(133.3m)=100.0% Ch178(282.2m)=100.0% Ch180(67.4m)=100.0% Ch182(67.4m)=100.0% Ch184(214.8m)=100.0% | Avg=100.00%
average packet delivery ratio is 100.00
average jitter is 0.00
average load balance is 100.00
written to file successfully
RSU total packet size is 1409440
This is tag1. Serialized size is 172
RSU total packet size is 1410172
This is tag7. Serialized size is 676
RSU total packet size is 1410400
This is tag1. Serialized size is 172
RSU total packet size is 1410964
This is tag5. Serialized size is 508
RSU total packet size is 1411276
This is tag2. Serialized size is 256
RSU total packet size is 1412260
This is tag10. Serialized size is 928
RSU total packet size is 1412488
This is tag1. Serialized size is 172
RSU total packet size is 1412716
This is tag1. Serialized size is 172
RSU total packet size is 1412944
This is tag1. Serialized size is 172
RSU total packet size is 1413508
This is tag5. Serialized size is 508
RSU total packet size is 1413820
This is tag2. Serialized size is 256
RSU total packet size is 1414132
This is tag2. Serialized size is 256
RSU total packet size is 1414360
This is tag1. Serialized size is 172
RSU total packet size is 1414588
This is tag1. Serialized size is 172
RSU total packet size is 1415152
This is tag5. Serialized size is 508
RSU total packet size is 1415380
This is tag1. Serialized size is 172
RSU total packet size is 1415608
This is tag1. Serialized size is 172
RSU total packet size is 1415836
This is tag1. Serialized size is 172
RSU total packet size is 1416148
This is tag2. Serialized size is 256
RSU total packet size is 1416376
This is tag1. Serialized size is 172
RSU total packet size is 1417024
This is tag6. Serialized size is 592
RSU total packet size is 1417252
This is tag1. Serialized size is 172
RSU total packet size is 1417480
This is tag1. Serialized size is 172
RSU total packet size is 1417708
This is tag1. Serialized size is 172
RSU total packet size is 1417936
This is tag1. Serialized size is 172
RSU total packet size is 1418164
This is tag1. Serialized size is 172
RSU total packet size is 1418476
This is tag2. Serialized size is 256
RSU total packet size is 1418704
This is tag1. Serialized size is 172
RSU total packet size is 1418932
This is tag1. Serialized size is 172
RSU total packet size is 1419160
This is tag1. Serialized size is 172
RSU total packet size is 1419808
This is tag6. Serialized size is 592
RSU total packet size is 1420036
This is tag1. Serialized size is 172
RSU total packet size is 1420264
This is tag1. Serialized size is 172
RSU total packet size is 1420912
This is tag6. Serialized size is 592
RSU total packet size is 1421140
This is tag1. Serialized size is 172
RSU total packet size is 1421536
This is tag3. Serialized size is 340
RSU total packet size is 1421764
This is tag1. Serialized size is 172
RSU total packet size is 1421992
This is tag1. Serialized size is 172
RSU total packet size is 1422220
This is tag1. Serialized size is 172
RSU total packet size is 1422448
This is tag1. Serialized size is 172
RSU total packet size is 1422676
This is tag1. Serialized size is 172
RSU total packet size is 1422904
This is tag1. Serialized size is 172
RSU total packet size is 1423132
This is tag1. Serialized size is 172
RSU total packet size is 1423780
This is tag6. Serialized size is 592
RSU total packet size is 1424092
This is tag2. Serialized size is 256
RSU total packet size is 1424320
This is tag1. Serialized size is 172
RSU total packet size is 1424548
This is tag1. Serialized size is 172
RSU total packet size is 1424776
This is tag1. Serialized size is 172
RSU total packet size is 1425004
This is tag1. Serialized size is 172
RSU total packet size is 1425232
This is tag1. Serialized size is 172
RSU total packet size is 1425460
This is tag1. Serialized size is 172
RSU total packet size is 1425688
This is tag1. Serialized size is 172
RSU total packet size is 1425916
This is tag1. Serialized size is 172
RSU total packet size is 1426144
This is tag1. Serialized size is 172
RSU total packet size is 1426372
This is tag1. Serialized size is 172
RSU total packet size is 1426600
This is tag1. Serialized size is 172
RSU total packet size is 1426828
This is tag1. Serialized size is 172
RSU total packet size is 1427056
This is tag1. Serialized size is 172
RSU total packet size is 1427284
This is tag1. Serialized size is 172
RSU total packet size is 1427512
This is tag1. Serialized size is 172
RSU total packet size is 1427740
This is tag1. Serialized size is 172
RSU total packet size is 1427968
This is tag1. Serialized size is 172
RSU total packet size is 1428196
This is tag1. Serialized size is 172
RSU total packet size is 1428508
This is tag2. Serialized size is 256
average_latency 0.00 ms
[PDR] Channel-wise: Ch172(133.30m)=100.0% Ch174(133.3m)=100.0% Ch176(133.3m)=100.0% Ch178(282.2m)=100.0% Ch180(67.4m)=100.0% Ch182(67.4m)=100.0% Ch184(214.8m)=100.0% | Avg=100.00%
average packet delivery ratio is 100.00
average jitter is 0.00
average load balance is 100.00
written to file successfully
RSU total packet size is 1428736
This is tag1. Serialized size is 172
RSU total packet size is 1429468
This is tag7. Serialized size is 676
RSU total packet size is 1429696
This is tag1. Serialized size is 172
RSU total packet size is 1430260
This is tag5. Serialized size is 508
RSU total packet size is 1430572
This is tag2. Serialized size is 256
RSU total packet size is 1431556
This is tag10. Serialized size is 928
RSU total packet size is 1431784
This is tag1. Serialized size is 172
RSU total packet size is 1432012
This is tag1. Serialized size is 172
RSU total packet size is 1432240
This is tag1. Serialized size is 172
RSU total packet size is 1432804
This is tag5. Serialized size is 508
RSU total packet size is 1433116
This is tag2. Serialized size is 256
RSU total packet size is 1433428
This is tag2. Serialized size is 256
RSU total packet size is 1433656
This is tag1. Serialized size is 172
RSU total packet size is 1433884
This is tag1. Serialized size is 172
RSU total packet size is 1434448
This is tag5. Serialized size is 508
RSU total packet size is 1434676
This is tag1. Serialized size is 172
RSU total packet size is 1434904
This is tag1. Serialized size is 172
RSU total packet size is 1435132
This is tag1. Serialized size is 172
RSU total packet size is 1435444
This is tag2. Serialized size is 256
RSU total packet size is 1435672
This is tag1. Serialized size is 172
RSU total packet size is 1436320
This is tag6. Serialized size is 592
RSU total packet size is 1436548
This is tag1. Serialized size is 172
RSU total packet size is 1436776
This is tag1. Serialized size is 172
RSU total packet size is 1437004
This is tag1. Serialized size is 172
RSU total packet size is 1437232
This is tag1. Serialized size is 172
RSU total packet size is 1437460
This is tag1. Serialized size is 172
RSU total packet size is 1437772
This is tag2. Serialized size is 256
RSU total packet size is 1438000
This is tag1. Serialized size is 172
RSU total packet size is 1438228
This is tag1. Serialized size is 172
RSU total packet size is 1438456
This is tag1. Serialized size is 172
RSU total packet size is 1439104
This is tag6. Serialized size is 592
RSU total packet size is 1439332
This is tag1. Serialized size is 172
RSU total packet size is 1439560
This is tag1. Serialized size is 172
RSU total packet size is 1440208
This is tag6. Serialized size is 592
RSU total packet size is 1440436
This is tag1. Serialized size is 172
RSU total packet size is 1440832
This is tag3. Serialized size is 340
RSU total packet size is 1441060
This is tag1. Serialized size is 172
RSU total packet size is 1441288
This is tag1. Serialized size is 172
RSU total packet size is 1441516
This is tag1. Serialized size is 172
RSU total packet size is 1441744
This is tag1. Serialized size is 172
RSU total packet size is 1441972
This is tag1. Serialized size is 172
RSU total packet size is 1442200
This is tag1. Serialized size is 172
RSU total packet size is 1442428
This is tag1. Serialized size is 172
RSU total packet size is 1443076
This is tag6. Serialized size is 592
RSU total packet size is 1443388
This is tag2. Serialized size is 256
RSU total packet size is 1443616
This is tag1. Serialized size is 172
RSU total packet size is 1443844
This is tag1. Serialized size is 172
RSU total packet size is 1444072
This is tag1. Serialized size is 172
RSU total packet size is 1444300
This is tag1. Serialized size is 172
RSU total packet size is 1444528
This is tag1. Serialized size is 172
RSU total packet size is 1444756
This is tag1. Serialized size is 172
RSU total packet size is 1444984
This is tag1. Serialized size is 172
RSU total packet size is 1445212
This is tag1. Serialized size is 172
RSU total packet size is 1445440
This is tag1. Serialized size is 172
RSU total packet size is 1445668
This is tag1. Serialized size is 172
RSU total packet size is 1445896
This is tag1. Serialized size is 172
RSU total packet size is 1446124
This is tag1. Serialized size is 172
RSU total packet size is 1446352
This is tag1. Serialized size is 172
RSU total packet size is 1446580
This is tag1. Serialized size is 172
RSU total packet size is 1446808
This is tag1. Serialized size is 172
RSU total packet size is 1447036
This is tag1. Serialized size is 172
RSU total packet size is 1447264
This is tag1. Serialized size is 172
RSU total packet size is 1447492
This is tag1. Serialized size is 172
RSU total packet size is 1447804
This is tag2. Serialized size is 256
average_latency 0.00 ms
[PDR] Channel-wise: Ch172(133.30m)=100.0% Ch174(133.3m)=100.0% Ch176(133.3m)=100.0% Ch178(282.2m)=100.0% Ch180(67.4m)=100.0% Ch182(67.4m)=100.0% Ch184(214.8m)=100.0% | Avg=100.00%
average packet delivery ratio is 100.00
average jitter is 0.00
average load balance is 100.00
written to file successfully
RSU total packet size is 1448032
This is tag1. Serialized size is 172
RSU total packet size is 1448764
This is tag7. Serialized size is 676
RSU total packet size is 1448992
This is tag1. Serialized size is 172
RSU total packet size is 1449556
This is tag5. Serialized size is 508
RSU total packet size is 1449868
This is tag2. Serialized size is 256
RSU total packet size is 1450852
This is tag10. Serialized size is 928
RSU total packet size is 1451080
This is tag1. Serialized size is 172
RSU total packet size is 1451308
This is tag1. Serialized size is 172
RSU total packet size is 1451536
This is tag1. Serialized size is 172
RSU total packet size is 1452100
This is tag5. Serialized size is 508
RSU total packet size is 1452412
This is tag2. Serialized size is 256
RSU total packet size is 1452724
This is tag2. Serialized size is 256
RSU total packet size is 1452952
This is tag1. Serialized size is 172
RSU total packet size is 1453180
This is tag1. Serialized size is 172
RSU total packet size is 1453744
This is tag5. Serialized size is 508
RSU total packet size is 1453972
This is tag1. Serialized size is 172
RSU total packet size is 1454200
This is tag1. Serialized size is 172
RSU total packet size is 1454428
This is tag1. Serialized size is 172
RSU total packet size is 1454740
This is tag2. Serialized size is 256
RSU total packet size is 1454968
This is tag1. Serialized size is 172
RSU total packet size is 1455616
This is tag6. Serialized size is 592
RSU total packet size is 1455844
This is tag1. Serialized size is 172
RSU total packet size is 1456072
This is tag1. Serialized size is 172
RSU total packet size is 1456300
This is tag1. Serialized size is 172
RSU total packet size is 1456528
This is tag1. Serialized size is 172
RSU total packet size is 1456756
This is tag1. Serialized size is 172
RSU total packet size is 1457068
This is tag2. Serialized size is 256
RSU total packet size is 1457296
This is tag1. Serialized size is 172
RSU total packet size is 1457524
This is tag1. Serialized size is 172
RSU total packet size is 1457752
This is tag1. Serialized size is 172
RSU total packet size is 1458400
This is tag6. Serialized size is 592
RSU total packet size is 1458628
This is tag1. Serialized size is 172
RSU total packet size is 1458856
This is tag1. Serialized size is 172
RSU total packet size is 1459504
This is tag6. Serialized size is 592
RSU total packet size is 1459732
This is tag1. Serialized size is 172
RSU total packet size is 1460128
This is tag3. Serialized size is 340
RSU total packet size is 1460356
This is tag1. Serialized size is 172
RSU total packet size is 1460584
This is tag1. Serialized size is 172
RSU total packet size is 1460812
This is tag1. Serialized size is 172
RSU total packet size is 1461040
This is tag1. Serialized size is 172
RSU total packet size is 1461268
This is tag1. Serialized size is 172
RSU total packet size is 1461496
This is tag1. Serialized size is 172
RSU total packet size is 1461724
This is tag1. Serialized size is 172
RSU total packet size is 1462372
This is tag6. Serialized size is 592
RSU total packet size is 1462684
This is tag2. Serialized size is 256
RSU total packet size is 1462912
This is tag1. Serialized size is 172
RSU total packet size is 1463140
This is tag1. Serialized size is 172
RSU total packet size is 1463368
This is tag1. Serialized size is 172
RSU total packet size is 1463596
This is tag1. Serialized size is 172
RSU total packet size is 1463824
This is tag1. Serialized size is 172
RSU total packet size is 1464052
This is tag1. Serialized size is 172
RSU total packet size is 1464280
This is tag1. Serialized size is 172
RSU total packet size is 1464508
This is tag1. Serialized size is 172
RSU total packet size is 1464736
This is tag1. Serialized size is 172
RSU total packet size is 1464964
This is tag1. Serialized size is 172
RSU total packet size is 1465192
This is tag1. Serialized size is 172
RSU total packet size is 1465420
This is tag1. Serialized size is 172
RSU total packet size is 1465648
This is tag1. Serialized size is 172
RSU total packet size is 1465876
This is tag1. Serialized size is 172
RSU total packet size is 1466104
This is tag1. Serialized size is 172
RSU total packet size is 1466332
This is tag1. Serialized size is 172
RSU total packet size is 1466560
This is tag1. Serialized size is 172
RSU total packet size is 1466788
This is tag1. Serialized size is 172
RSU total packet size is 1467100
This is tag2. Serialized size is 256
average_latency 0.00 ms
[PDR] Channel-wise: Ch172(133.30m)=100.0% Ch174(133.3m)=100.0% Ch176(133.3m)=100.0% Ch178(282.2m)=100.0% Ch180(67.4m)=100.0% Ch182(67.4m)=100.0% Ch184(214.8m)=100.0% | Avg=100.00%
average packet delivery ratio is 100.00
average jitter is 0.00
average load balance is 100.00
written to file successfully
RSU total packet size is 1467328
This is tag1. Serialized size is 172
RSU total packet size is 1468060
This is tag7. Serialized size is 676
RSU total packet size is 1468288
This is tag1. Serialized size is 172
RSU total packet size is 1468852
This is tag5. Serialized size is 508
RSU total packet size is 1469164
This is tag2. Serialized size is 256
RSU total packet size is 1470148
This is tag10. Serialized size is 928
RSU total packet size is 1470376
This is tag1. Serialized size is 172
RSU total packet size is 1470604
This is tag1. Serialized size is 172
RSU total packet size is 1470832
This is tag1. Serialized size is 172
RSU total packet size is 1471396
This is tag5. Serialized size is 508
RSU total packet size is 1471708
This is tag2. Serialized size is 256
RSU total packet size is 1472020
This is tag2. Serialized size is 256
RSU total packet size is 1472248
This is tag1. Serialized size is 172
RSU total packet size is 1472476
This is tag1. Serialized size is 172
RSU total packet size is 1473040
This is tag5. Serialized size is 508
RSU total packet size is 1473268
This is tag1. Serialized size is 172
RSU total packet size is 1473496
This is tag1. Serialized size is 172
RSU total packet size is 1473724
This is tag1. Serialized size is 172
RSU total packet size is 1474036
This is tag2. Serialized size is 256
RSU total packet size is 1474264
This is tag1. Serialized size is 172
RSU total packet size is 1474912
This is tag6. Serialized size is 592
RSU total packet size is 1475140
This is tag1. Serialized size is 172
RSU total packet size is 1475368
This is tag1. Serialized size is 172
RSU total packet size is 1475596
This is tag1. Serialized size is 172
RSU total packet size is 1475824
This is tag1. Serialized size is 172
RSU total packet size is 1476052
This is tag1. Serialized size is 172
RSU total packet size is 1476364
This is tag2. Serialized size is 256
RSU total packet size is 1476592
This is tag1. Serialized size is 172
RSU total packet size is 1476820
This is tag1. Serialized size is 172
RSU total packet size is 1477048
This is tag1. Serialized size is 172
RSU total packet size is 1477696
This is tag6. Serialized size is 592
RSU total packet size is 1477924
This is tag1. Serialized size is 172
RSU total packet size is 1478152
This is tag1. Serialized size is 172
RSU total packet size is 1478800
This is tag6. Serialized size is 592
RSU total packet size is 1479028
This is tag1. Serialized size is 172
RSU total packet size is 1479424
This is tag3. Serialized size is 340
RSU total packet size is 1479652
This is tag1. Serialized size is 172
RSU total packet size is 1479880
This is tag1. Serialized size is 172
RSU total packet size is 1480108
This is tag1. Serialized size is 172
RSU total packet size is 1480336
This is tag1. Serialized size is 172
RSU total packet size is 1480564
This is tag1. Serialized size is 172
RSU total packet size is 1480792
This is tag1. Serialized size is 172
RSU total packet size is 1481020
This is tag1. Serialized size is 172
RSU total packet size is 1481668
This is tag6. Serialized size is 592
RSU total packet size is 1481980
This is tag2. Serialized size is 256
RSU total packet size is 1482208
This is tag1. Serialized size is 172
RSU total packet size is 1482436
This is tag1. Serialized size is 172
RSU total packet size is 1482664
This is tag1. Serialized size is 172
RSU total packet size is 1482892
This is tag1. Serialized size is 172
RSU total packet size is 1483120
This is tag1. Serialized size is 172
RSU total packet size is 1483348
This is tag1. Serialized size is 172
RSU total packet size is 1483576
This is tag1. Serialized size is 172
RSU total packet size is 1483804
This is tag1. Serialized size is 172
RSU total packet size is 1484032
This is tag1. Serialized size is 172
RSU total packet size is 1484260
This is tag1. Serialized size is 172
RSU total packet size is 1484488
This is tag1. Serialized size is 172
RSU total packet size is 1484716
This is tag1. Serialized size is 172
RSU total packet size is 1484944
This is tag1. Serialized size is 172
RSU total packet size is 1485172
This is tag1. Serialized size is 172
RSU total packet size is 1485400
This is tag1. Serialized size is 172
RSU total packet size is 1485628
This is tag1. Serialized size is 172
RSU total packet size is 1485856
This is tag1. Serialized size is 172
RSU total packet size is 1486084
This is tag1. Serialized size is 172
RSU total packet size is 1486396
This is tag2. Serialized size is 256
average_latency 0.00 ms
[PDR] Channel-wise: Ch172(133.30m)=100.0% Ch174(133.3m)=100.0% Ch176(133.3m)=100.0% Ch178(282.2m)=100.0% Ch180(67.4m)=100.0% Ch182(67.4m)=100.0% Ch184(214.8m)=100.0% | Avg=100.00%
average packet delivery ratio is 100.00
average jitter is 0.00
average load balance is 100.00
written to file successfully
RSU total packet size is 1486624
This is tag1. Serialized size is 172
RSU total packet size is 1487356
This is tag7. Serialized size is 676
RSU total packet size is 1487584
This is tag1. Serialized size is 172
RSU total packet size is 1488148
This is tag5. Serialized size is 508
RSU total packet size is 1488460
This is tag2. Serialized size is 256
RSU total packet size is 1489444
This is tag10. Serialized size is 928
RSU total packet size is 1489672
This is tag1. Serialized size is 172
RSU total packet size is 1489900
This is tag1. Serialized size is 172
RSU total packet size is 1490128
This is tag1. Serialized size is 172
RSU total packet size is 1490692
This is tag5. Serialized size is 508
RSU total packet size is 1491004
This is tag2. Serialized size is 256
RSU total packet size is 1491316
This is tag2. Serialized size is 256
RSU total packet size is 1491544
This is tag1. Serialized size is 172
RSU total packet size is 1491772
This is tag1. Serialized size is 172
RSU total packet size is 1492336
This is tag5. Serialized size is 508
RSU total packet size is 1492564
This is tag1. Serialized size is 172
RSU total packet size is 1492792
This is tag1. Serialized size is 172
RSU total packet size is 1493020
This is tag1. Serialized size is 172
RSU total packet size is 1493332
This is tag2. Serialized size is 256
RSU total packet size is 1493560
This is tag1. Serialized size is 172
RSU total packet size is 1494208
This is tag6. Serialized size is 592
RSU total packet size is 1494436
This is tag1. Serialized size is 172
RSU total packet size is 1494664
This is tag1. Serialized size is 172
RSU total packet size is 1494892
This is tag1. Serialized size is 172
RSU total packet size is 1495120
This is tag1. Serialized size is 172
RSU total packet size is 1495348
This is tag1. Serialized size is 172
RSU total packet size is 1495660
This is tag2. Serialized size is 256
RSU total packet size is 1495888
This is tag1. Serialized size is 172
RSU total packet size is 1496116
This is tag1. Serialized size is 172
RSU total packet size is 1496344
This is tag1. Serialized size is 172
RSU total packet size is 1496992
This is tag6. Serialized size is 592
RSU total packet size is 1497220
This is tag1. Serialized size is 172
RSU total packet size is 1497448
This is tag1. Serialized size is 172
RSU total packet size is 1498096
This is tag6. Serialized size is 592
RSU total packet size is 1498324
This is tag1. Serialized size is 172
RSU total packet size is 1498720
This is tag3. Serialized size is 340
RSU total packet size is 1498948
This is tag1. Serialized size is 172
RSU total packet size is 1499176
This is tag1. Serialized size is 172
RSU total packet size is 1499404
This is tag1. Serialized size is 172
RSU total packet size is 1499632
This is tag1. Serialized size is 172
RSU total packet size is 1499860
This is tag1. Serialized size is 172
RSU total packet size is 1500088
This is tag1. Serialized size is 172
RSU total packet size is 1500316
This is tag1. Serialized size is 172
RSU total packet size is 1500964
This is tag6. Serialized size is 592
RSU total packet size is 1501276
This is tag2. Serialized size is 256
RSU total packet size is 1501504
This is tag1. Serialized size is 172
RSU total packet size is 1501732
This is tag1. Serialized size is 172
RSU total packet size is 1501960
This is tag1. Serialized size is 172
RSU total packet size is 1502188
This is tag1. Serialized size is 172
RSU total packet size is 1502416
This is tag1. Serialized size is 172
RSU total packet size is 1502644
This is tag1. Serialized size is 172
RSU total packet size is 1502872
This is tag1. Serialized size is 172
RSU total packet size is 1503100
This is tag1. Serialized size is 172
RSU total packet size is 1503328
This is tag1. Serialized size is 172
RSU total packet size is 1503556
This is tag1. Serialized size is 172
RSU total packet size is 1503784
This is tag1. Serialized size is 172
RSU total packet size is 1504012
This is tag1. Serialized size is 172
RSU total packet size is 1504240
This is tag1. Serialized size is 172
RSU total packet size is 1504468
This is tag1. Serialized size is 172
RSU total packet size is 1504696
This is tag1. Serialized size is 172
RSU total packet size is 1504924
This is tag1. Serialized size is 172
RSU total packet size is 1505152
This is tag1. Serialized size is 172
RSU total packet size is 1505380
This is tag1. Serialized size is 172
RSU total packet size is 1505692
This is tag2. Serialized size is 256
average_latency 0.00 ms
[PDR] Channel-wise: Ch172(133.30m)=100.0% Ch174(133.3m)=100.0% Ch176(133.3m)=100.0% Ch178(282.2m)=100.0% Ch180(67.4m)=100.0% Ch182(67.4m)=100.0% Ch184(214.8m)=100.0% | Avg=100.00%
average packet delivery ratio is 100.00
average jitter is 0.00
average load balance is 100.00
written to file successfully
RSU total packet size is 1505920
This is tag1. Serialized size is 172
RSU total packet size is 1506652
This is tag7. Serialized size is 676
RSU total packet size is 1506880
This is tag1. Serialized size is 172
RSU total packet size is 1507444
This is tag5. Serialized size is 508
RSU total packet size is 1507756
This is tag2. Serialized size is 256
RSU total packet size is 1508740
This is tag10. Serialized size is 928
RSU total packet size is 1508968
This is tag1. Serialized size is 172
RSU total packet size is 1509196
This is tag1. Serialized size is 172
RSU total packet size is 1509424
This is tag1. Serialized size is 172
RSU total packet size is 1509988
This is tag5. Serialized size is 508
RSU total packet size is 1510300
This is tag2. Serialized size is 256
RSU total packet size is 1510612
This is tag2. Serialized size is 256
RSU total packet size is 1510840
This is tag1. Serialized size is 172
RSU total packet size is 1511068
This is tag1. Serialized size is 172
RSU total packet size is 1511632
This is tag5. Serialized size is 508
RSU total packet size is 1511860
This is tag1. Serialized size is 172
RSU total packet size is 1512088
This is tag1. Serialized size is 172
RSU total packet size is 1512316
This is tag1. Serialized size is 172
RSU total packet size is 1512628
This is tag2. Serialized size is 256
RSU total packet size is 1512856
This is tag1. Serialized size is 172
RSU total packet size is 1513504
This is tag6. Serialized size is 592
RSU total packet size is 1513732
This is tag1. Serialized size is 172
RSU total packet size is 1513960
This is tag1. Serialized size is 172
RSU total packet size is 1514188
This is tag1. Serialized size is 172
RSU total packet size is 1514416
This is tag1. Serialized size is 172
RSU total packet size is 1514644
This is tag1. Serialized size is 172
RSU total packet size is 1514956
This is tag2. Serialized size is 256
RSU total packet size is 1515184
This is tag1. Serialized size is 172
RSU total packet size is 1515412
This is tag1. Serialized size is 172
RSU total packet size is 1515640
This is tag1. Serialized size is 172
RSU total packet size is 1516288
This is tag6. Serialized size is 592
RSU total packet size is 1516516
This is tag1. Serialized size is 172
RSU total packet size is 1516744
This is tag1. Serialized size is 172
RSU total packet size is 1517392
This is tag6. Serialized size is 592
RSU total packet size is 1517620
This is tag1. Serialized size is 172
RSU total packet size is 1518016
This is tag3. Serialized size is 340
RSU total packet size is 1518244
This is tag1. Serialized size is 172
RSU total packet size is 1518472
This is tag1. Serialized size is 172
RSU total packet size is 1518700
This is tag1. Serialized size is 172
RSU total packet size is 1518928
This is tag1. Serialized size is 172
RSU total packet size is 1519156
This is tag1. Serialized size is 172
RSU total packet size is 1519384
This is tag1. Serialized size is 172
RSU total packet size is 1519612
This is tag1. Serialized size is 172
RSU total packet size is 1520260
This is tag6. Serialized size is 592
RSU total packet size is 1520572
This is tag2. Serialized size is 256
RSU total packet size is 1520800
This is tag1. Serialized size is 172
RSU total packet size is 1521028
This is tag1. Serialized size is 172
RSU total packet size is 1521256
This is tag1. Serialized size is 172
RSU total packet size is 1521484
This is tag1. Serialized size is 172
RSU total packet size is 1521712
This is tag1. Serialized size is 172
RSU total packet size is 1521940
This is tag1. Serialized size is 172
RSU total packet size is 1522168
This is tag1. Serialized size is 172
RSU total packet size is 1522396
This is tag1. Serialized size is 172
RSU total packet size is 1522624
This is tag1. Serialized size is 172
RSU total packet size is 1522852
This is tag1. Serialized size is 172
RSU total packet size is 1523080
This is tag1. Serialized size is 172
RSU total packet size is 1523308
This is tag1. Serialized size is 172
RSU total packet size is 1523536
This is tag1. Serialized size is 172
RSU total packet size is 1523764
This is tag1. Serialized size is 172
RSU total packet size is 1523992
This is tag1. Serialized size is 172
RSU total packet size is 1524220
This is tag1. Serialized size is 172
RSU total packet size is 1524448
This is tag1. Serialized size is 172
RSU total packet size is 1524676
This is tag1. Serialized size is 172
RSU total packet size is 1524988
This is tag2. Serialized size is 256
average_latency 0.00 ms
[PDR] Channel-wise: Ch172(133.30m)=100.0% Ch174(133.3m)=100.0% Ch176(133.3m)=100.0% Ch178(282.2m)=100.0% Ch180(67.4m)=100.0% Ch182(67.4m)=100.0% Ch184(214.8m)=100.0% | Avg=100.00%
average packet delivery ratio is 100.00
average jitter is 0.00
average load balance is 100.00
written to file successfully
RSU total packet size is 1525216
This is tag1. Serialized size is 172
RSU total packet size is 1525948
This is tag7. Serialized size is 676
RSU total packet size is 1526176
This is tag1. Serialized size is 172
RSU total packet size is 1526740
This is tag5. Serialized size is 508
RSU total packet size is 1527052
This is tag2. Serialized size is 256
RSU total packet size is 1528036
This is tag10. Serialized size is 928
RSU total packet size is 1528264
This is tag1. Serialized size is 172
RSU total packet size is 1528492
This is tag1. Serialized size is 172
RSU total packet size is 1528720
This is tag1. Serialized size is 172
RSU total packet size is 1529284
This is tag5. Serialized size is 508
RSU total packet size is 1529596
This is tag2. Serialized size is 256
RSU total packet size is 1529908
This is tag2. Serialized size is 256
RSU total packet size is 1530136
This is tag1. Serialized size is 172
RSU total packet size is 1530364
This is tag1. Serialized size is 172
RSU total packet size is 1530928
This is tag5. Serialized size is 508
RSU total packet size is 1531156
This is tag1. Serialized size is 172
RSU total packet size is 1531384
This is tag1. Serialized size is 172
RSU total packet size is 1531612
This is tag1. Serialized size is 172
RSU total packet size is 1531924
This is tag2. Serialized size is 256
RSU total packet size is 1532152
This is tag1. Serialized size is 172
RSU total packet size is 1532800
This is tag6. Serialized size is 592
RSU total packet size is 1533028
This is tag1. Serialized size is 172
RSU total packet size is 1533256
This is tag1. Serialized size is 172
RSU total packet size is 1533484
This is tag1. Serialized size is 172
RSU total packet size is 1533712
This is tag1. Serialized size is 172
RSU total packet size is 1533940
This is tag1. Serialized size is 172
RSU total packet size is 1534252
This is tag2. Serialized size is 256
RSU total packet size is 1534480
This is tag1. Serialized size is 172
RSU total packet size is 1534708
This is tag1. Serialized size is 172
RSU total packet size is 1534936
This is tag1. Serialized size is 172
RSU total packet size is 1535584
This is tag6. Serialized size is 592
RSU total packet size is 1535812
This is tag1. Serialized size is 172
RSU total packet size is 1536040
This is tag1. Serialized size is 172
RSU total packet size is 1536688
This is tag6. Serialized size is 592
RSU total packet size is 1536916
This is tag1. Serialized size is 172
RSU total packet size is 1537312
This is tag3. Serialized size is 340
RSU total packet size is 1537540
This is tag1. Serialized size is 172
RSU total packet size is 1537768
This is tag1. Serialized size is 172
RSU total packet size is 1537996
This is tag1. Serialized size is 172
RSU total packet size is 1538224
This is tag1. Serialized size is 172
RSU total packet size is 1538452
This is tag1. Serialized size is 172
RSU total packet size is 1538680
This is tag1. Serialized size is 172
RSU total packet size is 1538908
This is tag1. Serialized size is 172
RSU total packet size is 1539556
This is tag6. Serialized size is 592
RSU total packet size is 1539868
This is tag2. Serialized size is 256
RSU total packet size is 1540096
This is tag1. Serialized size is 172
RSU total packet size is 1540324
This is tag1. Serialized size is 172
RSU total packet size is 1540552
This is tag1. Serialized size is 172
RSU total packet size is 1540780
This is tag1. Serialized size is 172
RSU total packet size is 1541008
This is tag1. Serialized size is 172
RSU total packet size is 1541236
This is tag1. Serialized size is 172
RSU total packet size is 1541464
This is tag1. Serialized size is 172
RSU total packet size is 1541692
This is tag1. Serialized size is 172
RSU total packet size is 1541920
This is tag1. Serialized size is 172
RSU total packet size is 1542148
This is tag1. Serialized size is 172
RSU total packet size is 1542376
This is tag1. Serialized size is 172
RSU total packet size is 1542604
This is tag1. Serialized size is 172
RSU total packet size is 1542832
This is tag1. Serialized size is 172
RSU total packet size is 1543060
This is tag1. Serialized size is 172
RSU total packet size is 1543288
This is tag1. Serialized size is 172
RSU total packet size is 1543516
This is tag1. Serialized size is 172
RSU total packet size is 1543744
This is tag1. Serialized size is 172
RSU total packet size is 1543972
This is tag1. Serialized size is 172
RSU total packet size is 1544284
This is tag2. Serialized size is 256
average_latency 0.00 ms
[PDR] Channel-wise: Ch172(133.30m)=100.0% Ch174(133.3m)=100.0% Ch176(133.3m)=100.0% Ch178(282.2m)=100.0% Ch180(67.4m)=100.0% Ch182(67.4m)=100.0% Ch184(214.8m)=100.0% | Avg=100.00%
average packet delivery ratio is 100.00
average jitter is 0.00
average load balance is 100.00
written to file successfully
RSU total packet size is 1544512
This is tag1. Serialized size is 172
RSU total packet size is 1545244
This is tag7. Serialized size is 676
RSU total packet size is 1545472
This is tag1. Serialized size is 172
RSU total packet size is 1546036
This is tag5. Serialized size is 508
RSU total packet size is 1546348
This is tag2. Serialized size is 256
RSU total packet size is 1547332
This is tag10. Serialized size is 928
RSU total packet size is 1547560
This is tag1. Serialized size is 172
RSU total packet size is 1547788
This is tag1. Serialized size is 172
RSU total packet size is 1548016
This is tag1. Serialized size is 172
RSU total packet size is 1548580
This is tag5. Serialized size is 508
RSU total packet size is 1548892
This is tag2. Serialized size is 256
RSU total packet size is 1549204
This is tag2. Serialized size is 256
RSU total packet size is 1549432
This is tag1. Serialized size is 172
RSU total packet size is 1549660
This is tag1. Serialized size is 172
RSU total packet size is 1550224
This is tag5. Serialized size is 508
RSU total packet size is 1550452
This is tag1. Serialized size is 172
RSU total packet size is 1550680
This is tag1. Serialized size is 172
RSU total packet size is 1550908
This is tag1. Serialized size is 172
RSU total packet size is 1551220
This is tag2. Serialized size is 256
RSU total packet size is 1551448
This is tag1. Serialized size is 172
RSU total packet size is 1552096
This is tag6. Serialized size is 592
RSU total packet size is 1552324
This is tag1. Serialized size is 172
RSU total packet size is 1552552
This is tag1. Serialized size is 172
RSU total packet size is 1552780
This is tag1. Serialized size is 172
RSU total packet size is 1553008
This is tag1. Serialized size is 172
RSU total packet size is 1553236
This is tag1. Serialized size is 172
RSU total packet size is 1553548
This is tag2. Serialized size is 256
RSU total packet size is 1553776
This is tag1. Serialized size is 172
RSU total packet size is 1554004
This is tag1. Serialized size is 172
RSU total packet size is 1554232
This is tag1. Serialized size is 172
RSU total packet size is 1554880
This is tag6. Serialized size is 592
RSU total packet size is 1555108
This is tag1. Serialized size is 172
RSU total packet size is 1555336
This is tag1. Serialized size is 172
RSU total packet size is 1555984
This is tag6. Serialized size is 592
RSU total packet size is 1556212
This is tag1. Serialized size is 172
RSU total packet size is 1556608
This is tag3. Serialized size is 340
RSU total packet size is 1556836
This is tag1. Serialized size is 172
RSU total packet size is 1557064
This is tag1. Serialized size is 172
RSU total packet size is 1557292
This is tag1. Serialized size is 172
RSU total packet size is 1557520
This is tag1. Serialized size is 172
RSU total packet size is 1557748
This is tag1. Serialized size is 172
RSU total packet size is 1557976
This is tag1. Serialized size is 172
RSU total packet size is 1558204
This is tag1. Serialized size is 172
RSU total packet size is 1558852
This is tag6. Serialized size is 592
RSU total packet size is 1559164
This is tag2. Serialized size is 256
RSU total packet size is 1559392
This is tag1. Serialized size is 172
RSU total packet size is 1559620
This is tag1. Serialized size is 172
RSU total packet size is 1559848
This is tag1. Serialized size is 172
RSU total packet size is 1560076
This is tag1. Serialized size is 172
RSU total packet size is 1560304
This is tag1. Serialized size is 172
RSU total packet size is 1560532
This is tag1. Serialized size is 172
RSU total packet size is 1560760
This is tag1. Serialized size is 172
RSU total packet size is 1560988
This is tag1. Serialized size is 172
RSU total packet size is 1561216
This is tag1. Serialized size is 172
RSU total packet size is 1561444
This is tag1. Serialized size is 172
RSU total packet size is 1561672
This is tag1. Serialized size is 172
RSU total packet size is 1561900
This is tag1. Serialized size is 172
RSU total packet size is 1562128
This is tag1. Serialized size is 172
RSU total packet size is 1562356
This is tag1. Serialized size is 172
RSU total packet size is 1562584
This is tag1. Serialized size is 172
RSU total packet size is 1562812
This is tag1. Serialized size is 172
RSU total packet size is 1563040
This is tag1. Serialized size is 172
RSU total packet size is 1563268
This is tag1. Serialized size is 172
RSU total packet size is 1563580
This is tag2. Serialized size is 256
average_latency 0.00 ms
[PDR] Channel-wise: Ch172(133.30m)=100.0% Ch174(133.3m)=100.0% Ch176(133.3m)=100.0% Ch178(282.2m)=100.0% Ch180(67.4m)=100.0% Ch182(67.4m)=100.0% Ch184(214.8m)=100.0% | Avg=100.00%
average packet delivery ratio is 100.00
average jitter is 0.00
average load balance is 100.00
written to file successfully
DONE
